{"tag_name": "gt-semtab22-dbpedia1/wikitables-simclr-bert_None_10_32_256_5e-05_sample_row4,sample_row4_tfidf_entity_column_0.05_0_last.pt_bert-base-uncased-comma-bs16-ml128-ne50-do0.1", "_timestamp": 1721487063.1876433, "_runtime": 1563.6212763786316, "_step": 54, "train/loss": 0.01519837565011065, "train/macro_f1": 0.9970903262332027, "train/micro_f1": 0.9961946181027455, "valid/loss": 3.384612701585289, "valid/macro_f1": 0.24531866264106975, "valid/micro_f1": 0.49634273772204807, "train/time": 29.762790203094482, "train/avg_time": 30.054285459518432, "valid/best_micro_f1": 0.49738766980146293, "valid/best_macro_f1": 0.24871738556472203, "valid/best_loss": 2.426765928555593, "valid/best_micro_f1_epoch": 47, "valid/best_macro_f1_epoch": 46, "valid/best_loss_epoch": 3, "test/f1_macro:micro_f1": 0.5302245250431779, "test/f1_macro:macro_f1": 0.31785800914657264, "test/f1_macro:time": 2.455775022506714, "test/f1_micro:micro_f1": 0.5302245250431779, "test/f1_micro:macro_f1": 0.31966597401900915, "test/f1_micro:time": 2.462634325027466, "test/loss:micro_f1": 0.4697754749568221, "test/loss:macro_f1": 0.10995333542192058, "test/loss:time": 2.466738700866699, "_wandb": {"runtime": 1563}}