{"tag_name": "gt-semtab22-dbpedia-all1/bert-base-uncased-fromscratch-semi-poolv0-unlabeled4-randTrue-bs16-ml128-ne50-do0.1", "_timestamp": 1721895618.6881785, "_runtime": 2558.6939866542816, "_step": 54, "train/loss": 0.009823294785321783, "train/macro_f1": 0.9974374860427082, "train/micro_f1": 0.998371335504886, "valid/loss": 3.8663675577251357, "valid/macro_f1": 0.2368229365191572, "valid/micro_f1": 0.4639498432601881, "train/time": 48.31841850280762, "train/avg_time": 48.27852210044861, "valid/best_micro_f1": 0.4754440961337513, "valid/best_macro_f1": 0.2371587803262802, "valid/best_loss": 2.8084644009307524, "valid/best_micro_f1_epoch": 35, "valid/best_macro_f1_epoch": 48, "valid/best_loss_epoch": 9, "test/f1_macro:micro_f1": 0.4930915371329879, "test/f1_macro:macro_f1": 0.2519804186127416, "test/f1_macro:time": 2.2955825328826904, "test/f1_micro:micro_f1": 0.49222797927461137, "test/f1_micro:macro_f1": 0.25573043287494446, "test/f1_micro:time": 2.2998294830322266, "test/loss:micro_f1": 0.43609671848013815, "test/loss:macro_f1": 0.13124385564458096, "test/loss:time": 2.298912525177002, "_wandb": {"runtime": 2558}}