{"tag_name": "gt-semtab22-dbpedia0/bert-base-uncased-fromscratch-semi-poolv4.1-unlabeled2-bs16-ml128-ne50-do0.1", "_timestamp": 1721886801.5248518, "_runtime": 1457.7374818325043, "_step": 54, "train/loss": 0.01864035893157716, "train/macro_f1": 0.9934792880177422, "train/micro_f1": 0.9951086956521739, "valid/loss": 3.234901261971983, "valid/macro_f1": 0.2925482023992545, "valid/micro_f1": 0.5289169295478444, "train/time": 27.04498815536499, "train/avg_time": 26.89252519607544, "valid/best_micro_f1": 0.5331230283911672, "valid/best_macro_f1": 0.3022998360380082, "valid/best_loss": 2.230398643602471, "valid/best_micro_f1_epoch": 29, "valid/best_macro_f1_epoch": 29, "valid/best_loss_epoch": 4, "test/f1_macro:micro_f1": 0.5365434221840069, "test/f1_macro:macro_f1": 0.28302624642198543, "test/f1_macro:time": 2.4130258560180664, "test/f1_micro:micro_f1": 0.5365434221840069, "test/f1_micro:macro_f1": 0.28302624642198543, "test/f1_micro:time": 2.4158647060394287, "test/loss:micro_f1": 0.5073086844368013, "test/loss:macro_f1": 0.16240687832561862, "test/loss:time": 2.4111104011535645, "_wandb": {"runtime": 1457}}