{"tag_name": "gt-semtab22-dbpedia3/wikitables-simclr-bert_None_10_32_256_5e-05_sample_row4,sample_row4_tfidf_entity_column_0.05_0_last.pt_bert-base-uncased-comma-bs16-ml128-ne50-do0.1", "_timestamp": 1721490202.6896515, "_runtime": 1558.0397593975067, "_step": 54, "train/loss": 0.01203045075635312, "train/macro_f1": 0.9950299470107913, "train/micro_f1": 0.9970133043714363, "valid/loss": 3.413892193685604, "valid/macro_f1": 0.24184817035394604, "valid/micro_f1": 0.49843260188087773, "train/time": 29.83160662651062, "train/avg_time": 30.036468415260316, "valid/best_micro_f1": 0.49843260188087773, "valid/best_macro_f1": 0.24348650728755583, "valid/best_loss": 2.4728415797028362, "valid/best_micro_f1_epoch": 49, "valid/best_macro_f1_epoch": 42, "valid/best_loss_epoch": 4, "test/f1_macro:micro_f1": 0.49740034662045063, "test/f1_macro:macro_f1": 0.27392740067788446, "test/f1_macro:time": 2.515371084213257, "test/f1_micro:micro_f1": 0.5077989601386482, "test/f1_micro:macro_f1": 0.2895312057356422, "test/f1_micro:time": 2.5210928916931152, "test/loss:micro_f1": 0.46187175043327555, "test/loss:macro_f1": 0.14627995628569715, "test/loss:time": 2.5288283824920654, "_wandb": {"runtime": 1557}}