{"tag_name": "gt-semtab22-dbpedia-all4/bert-base-uncased-fromscratch-comma-bs16-ml128-ne50-do0.1", "_timestamp": 1721409610.9747674, "_runtime": 2714.257139444351, "_step": 54, "train/loss": 0.008309756954492048, "train/macro_f1": 0.9994305004774668, "train/micro_f1": 0.999458141425088, "valid/loss": 2.88445174239064, "valid/macro_f1": 0.2715891763412406, "valid/micro_f1": 0.5189873417721519, "train/time": 52.068689823150635, "train/avg_time": 52.380561556816104, "valid/best_micro_f1": 0.5305907172995781, "valid/best_macro_f1": 0.2996386376670185, "valid/best_loss": 2.560544385254838, "valid/best_micro_f1_epoch": 33, "valid/best_macro_f1_epoch": 39, "valid/best_loss_epoch": 17, "test/f1_macro:micro_f1": 0.4883116883116883, "test/f1_macro:macro_f1": 0.26326147492170504, "test/f1_macro:time": 4.969256162643433, "test/f1_micro:micro_f1": 0.49177489177489175, "test/f1_micro:macro_f1": 0.25095994630591734, "test/f1_micro:time": 4.97043251991272, "test/loss:micro_f1": 0.45194805194805193, "test/loss:macro_f1": 0.206451105631094, "test/loss:time": 4.97094202041626, "_wandb": {"runtime": 2713}}