{"tag_name": "gt-semtab22-dbpedia-all1/bert-base-uncased-fromscratch-bs16-ml128-ne30-do0.1", "_timestamp": 1721319791.428803, "_runtime": 1.2109060287475586, "_step": 0, "_wandb": {"runtime": 2}}