{"tag_name": "gt-semtab22-dbpedia-all0/bert-base-uncased-fromscratch-bs16-ml128-ne30-do0.1", "_timestamp": 1721319711.342599, "_runtime": 3.0703020095825195, "_step": 0, "_wandb": {"runtime": 2}}