{"tag_name": "gt-semtab22-dbpedia-all0/bert-base-uncased-fromscratch-comma-bs16-ml128-ne50-do0.1", "_timestamp": 1721401378.1039042, "_runtime": 2692.9434361457825, "_step": 54, "train/loss": 0.008672252219228606, "train/macro_f1": 0.9980140304654167, "train/micro_f1": 0.998641304347826, "valid/loss": 3.114432544243045, "valid/macro_f1": 0.26268328273516717, "valid/micro_f1": 0.5005257623554153, "train/time": 51.763103008270264, "train/avg_time": 51.924255843162534, "valid/best_micro_f1": 0.501577287066246, "valid/best_macro_f1": 0.26829544084100226, "valid/best_loss": 2.6580897133524823, "valid/best_micro_f1_epoch": 46, "valid/best_macro_f1_epoch": 47, "valid/best_loss_epoch": 12, "test/f1_macro:micro_f1": 0.5047291487532244, "test/f1_macro:macro_f1": 0.25307088415006673, "test/f1_macro:time": 4.942509412765503, "test/f1_micro:micro_f1": 0.5098882201203784, "test/f1_micro:macro_f1": 0.25328419118383805, "test/f1_micro:time": 4.947464466094971, "test/loss:micro_f1": 0.47893379191745483, "test/loss:macro_f1": 0.20990700179909383, "test/loss:time": 4.94661283493042, "_wandb": {"runtime": 2692}}