{"tag_name": "gt-semtab22-dbpedia-all1/bert-base-uncased-fromscratch-semi-poolv0-unlabeled2-bs16-ml128-ne50-do0.1", "_timestamp": 1721842034.5520375, "_runtime": 1612.9681754112244, "_step": 54, "train/loss": 0.008382751335080183, "train/macro_f1": 0.9980449832205432, "train/micro_f1": 0.998099891422367, "valid/loss": 3.118778522870013, "valid/macro_f1": 0.30975864148246784, "valid/micro_f1": 0.5483193277310925, "train/time": 30.75361394882202, "train/avg_time": 30.991208930015564, "valid/best_micro_f1": 0.5525210084033614, "valid/best_macro_f1": 0.3166743798490083, "valid/best_loss": 2.296231738665632, "valid/best_micro_f1_epoch": 41, "valid/best_macro_f1_epoch": 32, "valid/best_loss_epoch": 4, "test/f1_macro:micro_f1": 0.5561312607944733, "test/f1_macro:macro_f1": 0.32853186952662056, "test/f1_macro:time": 2.752506971359253, "test/f1_micro:micro_f1": 0.5569948186528497, "test/f1_micro:macro_f1": 0.3262114837463397, "test/f1_micro:time": 2.753817319869995, "test/loss:micro_f1": 0.5034542314335061, "test/loss:macro_f1": 0.15565587018472216, "test/loss:time": 2.739651679992676, "_wandb": {"runtime": 1612}}