{"tag_name": "gt-semtab22-dbpedia-all2/bert-base-uncased-fromscratch-blank-bs16-ml128-ne50-do0.1", "_timestamp": 1721404335.145555, "_runtime": 2744.6616089344025, "_step": 54, "train/loss": 0.005813959038671173, "train/macro_f1": 0.9991691476839992, "train/micro_f1": 0.999457111834962, "valid/loss": 2.9162262125713068, "valid/macro_f1": 0.2673053191146931, "valid/micro_f1": 0.540169133192389, "train/time": 53.47131133079529, "train/avg_time": 53.625555119514466, "valid/best_micro_f1": 0.5433403805496829, "valid/best_macro_f1": 0.2961395691298485, "valid/best_loss": 2.2214836725374547, "valid/best_micro_f1_epoch": 29, "valid/best_macro_f1_epoch": 27, "valid/best_loss_epoch": 5, "test/f1_macro:micro_f1": 0.5455326460481099, "test/f1_macro:macro_f1": 0.32409912451150447, "test/f1_macro:time": 5.131804466247559, "test/f1_micro:micro_f1": 0.5498281786941581, "test/f1_micro:macro_f1": 0.333439705084388, "test/f1_micro:time": 5.130261421203613, "test/loss:micro_f1": 0.506872852233677, "test/loss:macro_f1": 0.16161262044764144, "test/loss:time": 5.117428541183472, "_wandb": {"runtime": 2744}}