{"tag_name": "sato0/bert-base-uncased-fromscratch-bs16-ml32-ne30-do0.1", "_timestamp": 1720888817.2065613, "_runtime": 6051.096165418625, "_step": 34, "train/loss": 0.006520407349255655, "train/macro_f1": 0.9952709299202767, "train/micro_f1": 0.9979552514647477, "valid/loss": 0.5469990578263784, "valid/macro_f1": 0.810004737057148, "valid/micro_f1": 0.9351587260352263, "train/time": 197.38576698303223, "train/avg_time": 198.89408245881398, "valid/best_micro_f1": 0.9360419805684003, "valid/best_macro_f1": 0.8236731794634957, "valid/best_loss": 0.3491084320226773, "valid/best_micro_f1_epoch": 27, "valid/best_macro_f1_epoch": 19, "valid/best_loss_epoch": 2, "test/f1_macro:micro_f1": 0.9392947103274559, "test/f1_macro:macro_f1": 0.8406247411436615, "test/f1_macro:time": 14.294904470443726, "test/f1_micro:micro_f1": 0.9434928631402183, "test/f1_micro:macro_f1": 0.852925934804837, "test/f1_micro:time": 14.304220914840698, "test/loss:micro_f1": 0.9268261964735517, "test/loss:macro_f1": 0.7750424271185269, "test/loss:time": 14.309119462966919, "_wandb": {"runtime": 6050}}