{"tag_name": "gt-semtab22-dbpedia3/bert-base-uncased-fromscratch-comma1-bs16-ml128-ne50-do0.1", "_timestamp": 1721826787.0234017, "_runtime": 1584.3259687423706, "_step": 54, "train/loss": 0.018778192536188097, "train/macro_f1": 0.992948126221275, "train/micro_f1": 0.9945696443117024, "valid/loss": 3.3084928868692134, "valid/macro_f1": 0.2778441819698242, "valid/micro_f1": 0.5266457680250783, "train/time": 30.520911693572998, "train/avg_time": 30.573025770187378, "valid/best_micro_f1": 0.5308254963427377, "valid/best_macro_f1": 0.2880622769339956, "valid/best_loss": 2.3394142706182937, "valid/best_micro_f1_epoch": 14, "valid/best_macro_f1_epoch": 38, "valid/best_loss_epoch": 3, "test/f1_macro:micro_f1": 0.5407279029462738, "test/f1_macro:macro_f1": 0.34929563310420003, "test/f1_macro:time": 2.5878288745880127, "test/f1_micro:micro_f1": 0.5433275563258232, "test/f1_micro:macro_f1": 0.31581188980956176, "test/f1_micro:time": 2.5753591060638428, "test/loss:micro_f1": 0.4826689774696707, "test/loss:macro_f1": 0.14775502248538494, "test/loss:time": 2.5810601711273193, "_wandb": {"runtime": 1584}}