{"tag_name": "gt-semtab22-dbpedia2/wikitables-simclr-bert_None_10_32_256_5e-05_sample_row4,sample_row4_tfidf_entity_column_0.05_0_last.pt_bert-base-uncased-comma-bs16-ml128-ne50-do0.1", "_timestamp": 1721488615.7285495, "_runtime": 1523.4906015396118, "_step": 54, "train/loss": 0.018825649548758844, "train/macro_f1": 0.9914325421619604, "train/micro_f1": 0.9929367019831568, "valid/loss": 3.4584729365425897, "valid/macro_f1": 0.24338429437972417, "valid/micro_f1": 0.4952581664910432, "train/time": 29.89950180053711, "train/avg_time": 29.632748370170592, "valid/best_micro_f1": 0.5047418335089568, "valid/best_macro_f1": 0.2629566677031784, "valid/best_loss": 2.44811229433764, "valid/best_micro_f1_epoch": 12, "valid/best_macro_f1_epoch": 15, "valid/best_loss_epoch": 3, "test/f1_macro:micro_f1": 0.4957044673539519, "test/f1_macro:macro_f1": 0.27109582123371556, "test/f1_macro:time": 2.600186347961426, "test/f1_micro:micro_f1": 0.4948453608247423, "test/f1_micro:macro_f1": 0.23685879671718935, "test/f1_micro:time": 2.5957508087158203, "test/loss:micro_f1": 0.4690721649484536, "test/loss:macro_f1": 0.12767752700420934, "test/loss:time": 2.598740577697754, "_wandb": {"runtime": 1523}}