{"tag_name": "gt-semtab22-dbpedia4/bert-base-uncased-fromscratch-blank-bs16-ml128-ne50-do0.1", "_timestamp": 1721460391.291369, "_runtime": 1472.0343689918518, "_step": 54, "train/loss": 0.016441460174466294, "train/macro_f1": 0.9931527292890285, "train/micro_f1": 0.994579945799458, "valid/loss": 3.198878008665638, "valid/macro_f1": 0.307070981967643, "valid/micro_f1": 0.5511064278187566, "train/time": 30.94424533843994, "train/avg_time": 28.30361392021179, "valid/best_micro_f1": 0.5553213909378293, "valid/best_macro_f1": 0.3205112470038809, "valid/best_loss": 2.3649367439765747, "valid/best_micro_f1_epoch": 38, "valid/best_macro_f1_epoch": 34, "valid/best_loss_epoch": 5, "test/f1_macro:micro_f1": 0.5333333333333333, "test/f1_macro:macro_f1": 0.29603669264066035, "test/f1_macro:time": 2.4528889656066895, "test/f1_micro:micro_f1": 0.541991341991342, "test/f1_micro:macro_f1": 0.2939450950527247, "test/f1_micro:time": 2.4624183177948, "test/loss:micro_f1": 0.48225108225108226, "test/loss:macro_f1": 0.15541189147620096, "test/loss:time": 2.3450846672058105, "_wandb": {"runtime": 1471}}