{"tag_name": "sato0/wikitables-simclr-bert_100000_10_32_256_5e-05_sample_row4,sample_row4_tfidf_entity_column_0.05_0_last.pt_bert-base-uncased-bs32-ml256-ne0-do0.5", "_timestamp": 1720797236.1733434, "_runtime": 37.79555344581604, "_step": 1, "train/avg_time": NaN, "test/loss:micro_f1": 0.012006717044500419, "test/loss:macro_f1": 0.005835397638669295, "test/time": 36.5627121925354, "_wandb": {"runtime": 37}}