{"tag_name": "gt-semtab22-dbpedia2/bert-base-uncased-fromscratch-blank-bs16-ml128-ne50-do0.1", "_timestamp": 1721414374.5959857, "_runtime": 1436.1383516788483, "_step": 54, "train/loss": 0.023538141490717413, "train/macro_f1": 0.9929513554729776, "train/micro_f1": 0.9940233632165173, "valid/loss": 3.118291310765286, "valid/macro_f1": 0.2602951193463363, "valid/micro_f1": 0.5247629083245522, "train/time": 27.49782156944275, "train/avg_time": 27.496312952041627, "valid/best_micro_f1": 0.5321390937829295, "valid/best_macro_f1": 0.2918620918603558, "valid/best_loss": 2.4034825278159744, "valid/best_micro_f1_epoch": 20, "valid/best_macro_f1_epoch": 22, "valid/best_loss_epoch": 7, "test/f1_macro:micro_f1": 0.5171821305841925, "test/f1_macro:macro_f1": 0.30930624893060676, "test/f1_macro:time": 2.383314847946167, "test/f1_micro:micro_f1": 0.5171821305841925, "test/f1_micro:macro_f1": 0.2651749226269387, "test/f1_micro:time": 2.390681266784668, "test/loss:micro_f1": 0.49226804123711343, "test/loss:macro_f1": 0.2112523614854372, "test/loss:time": 2.3793249130249023, "_wandb": {"runtime": 1436}}