{"tag_name": "gt-semtab22-dbpedia-all0/bert-base-uncased-fromscratch-bs16-ml128-ne30-do0.1", "_timestamp": 1721319847.7698717, "_runtime": 57.98015880584717, "_step": 1, "train/loss": 3.600916334528452, "train/macro_f1": 0.0056924255385651865, "train/micro_f1": 0.22092391304347825, "valid/loss": 3.375782222282596, "valid/macro_f1": 0.008140830911404167, "valid/micro_f1": 0.2765509989484753, "train/time": 54.541555643081665}