{"tag_name": "gt-semtab22-dbpedia-all0/bert-base-uncased-fromscratch-semi-poolv0-unlabeled2-bs16-ml128-ne50-do0.1", "_timestamp": 1721840386.2568035, "_runtime": 1618.565419435501, "_step": 54, "train/loss": 0.009863596138797021, "train/macro_f1": 0.9975640642076591, "train/micro_f1": 0.9980978260869565, "valid/loss": 3.1107553476240577, "valid/macro_f1": 0.313086516635914, "valid/micro_f1": 0.5383806519453207, "train/time": 31.05409264564514, "train/avg_time": 30.787054920196532, "valid/best_micro_f1": 0.5425867507886435, "valid/best_macro_f1": 0.313086516635914, "valid/best_loss": 2.2781680938674183, "valid/best_micro_f1_epoch": 21, "valid/best_macro_f1_epoch": 49, "valid/best_loss_epoch": 6, "test/f1_macro:micro_f1": 0.5417024935511608, "test/f1_macro:macro_f1": 0.2868012811949452, "test/f1_macro:time": 2.818337917327881, "test/f1_micro:micro_f1": 0.5468615649183147, "test/f1_micro:macro_f1": 0.28157836698262917, "test/f1_micro:time": 2.8115391731262207, "test/loss:micro_f1": 0.4995700773860705, "test/loss:macro_f1": 0.17430422961787082, "test/loss:time": 2.815237283706665, "_wandb": {"runtime": 1618}}