{"tag_name": "gt-semtab22-dbpedia0/bert-base-uncased-fromscratch-comma1-bs16-ml128-ne50-do0.1", "_timestamp": 1721816046.0930912, "_runtime": 1563.4671552181244, "_step": 54, "train/loss": 0.01804195265507414, "train/macro_f1": 0.9950212064636473, "train/micro_f1": 0.9959239130434783, "valid/loss": 3.225251689010112, "valid/macro_f1": 0.3170323172607947, "valid/micro_f1": 0.5394321766561514, "train/time": 30.53031086921692, "train/avg_time": 30.120180859565735, "valid/best_micro_f1": 0.5531019978969506, "valid/best_macro_f1": 0.3374959897734412, "valid/best_loss": 2.220274935811522, "valid/best_micro_f1_epoch": 32, "valid/best_macro_f1_epoch": 32, "valid/best_loss_epoch": 3, "test/f1_macro:micro_f1": 0.529664660361135, "test/f1_macro:macro_f1": 0.2648631018798722, "test/f1_macro:time": 2.6908915042877197, "test/f1_micro:micro_f1": 0.529664660361135, "test/f1_micro:macro_f1": 0.2648631018798722, "test/f1_micro:time": 2.6690101623535156, "test/loss:micro_f1": 0.4995700773860705, "test/loss:macro_f1": 0.13820088526750296, "test/loss:time": 2.694467544555664, "_wandb": {"runtime": 1563}}