{"tag_name": "gt-semtab22-dbpedia-all0/bert-base-uncased-fromscratch-semi-unlabeled4-bs16-ml128-ne50-do0.1", "_timestamp": 1721833022.4379253, "_runtime": 2744.753161430359, "_step": 54, "train/loss": 0.007227381265650083, "train/macro_f1": 0.9985727783686794, "train/micro_f1": 0.9991847826086957, "valid/loss": 3.0827380011721357, "valid/macro_f1": 0.2987715524173859, "valid/micro_f1": 0.526813880126183, "train/time": 53.42298626899719, "train/avg_time": 53.45012094497681, "valid/best_micro_f1": 0.526813880126183, "valid/best_macro_f1": 0.31681157987446434, "valid/best_loss": 2.328908597550741, "valid/best_micro_f1_epoch": 48, "valid/best_macro_f1_epoch": 27, "valid/best_loss_epoch": 6, "test/f1_macro:micro_f1": 0.5279449699054171, "test/f1_macro:macro_f1": 0.25220981850136187, "test/f1_macro:time": 5.050074577331543, "test/f1_micro:micro_f1": 0.523645743766122, "test/f1_micro:macro_f1": 0.2618186284350786, "test/f1_micro:time": 5.046309232711792, "test/loss:micro_f1": 0.4815133276010318, "test/loss:macro_f1": 0.15392007212234707, "test/loss:time": 5.034240961074829, "_wandb": {"runtime": 2744}}