{"tag_name": "sato0/bert-base-uncased-fromscratch-bs16-ml32-ne30-do0.1", "_timestamp": 1721205589.823404, "_runtime": 6172.760614156723, "_step": 34, "train/loss": 0.006328394465971683, "train/macro_f1": 0.9952906930860704, "train/micro_f1": 0.9979290367399368, "valid/loss": 0.521477870704302, "valid/macro_f1": 0.8268268073573777, "valid/micro_f1": 0.9381721826778199, "train/time": 211.08672380447388, "train/avg_time": 202.41770549615225, "valid/best_micro_f1": 0.9381721826778199, "valid/best_macro_f1": 0.8294311870619595, "valid/best_loss": 0.37632298057618, "valid/best_micro_f1_epoch": 29, "valid/best_macro_f1_epoch": 27, "valid/best_loss_epoch": 2, "test/f1_macro:micro_f1": 0.9412678421494542, "test/f1_macro:macro_f1": 0.8483224027381632, "test/f1_macro:time": 14.219943523406982, "test/f1_micro:micro_f1": 0.9421914357682619, "test/f1_micro:macro_f1": 0.846985494293927, "test/f1_micro:time": 14.202064037322998, "test/loss:micro_f1": 0.917632241813602, "test/loss:macro_f1": 0.7396272885862696, "test/loss:time": 14.20329999923706, "_wandb": {"runtime": 6172}}