{"tag_name": "gt-semtab22-dbpedia-all0/bert-base-uncased-fromscratch-bs16-ml128-ne30-do0.1", "_timestamp": 1721374707.128945, "_runtime": 1677.8643062114716, "_step": 34, "train/loss": 0.041592175060672094, "train/macro_f1": 0.9873169337551648, "train/micro_f1": 0.9951086956521739, "valid/loss": 2.6863909349208925, "valid/macro_f1": 0.3056669166926991, "valid/micro_f1": 0.5320715036803365, "train/time": 53.25432753562927, "train/avg_time": 52.979633355140685, "valid/best_micro_f1": 0.5331230283911672, "valid/best_macro_f1": 0.3066121616870305, "valid/best_loss": 2.3572939372644193, "valid/best_micro_f1_epoch": 28, "valid/best_macro_f1_epoch": 28, "valid/best_loss_epoch": 8, "test/f1_macro:micro_f1": 0.5270851246775581, "test/f1_macro:macro_f1": 0.24986428389267604, "test/f1_macro:time": 5.120382785797119, "test/f1_micro:micro_f1": 0.5270851246775581, "test/f1_micro:macro_f1": 0.24986428389267604, "test/f1_micro:time": 5.133452892303467, "test/loss:micro_f1": 0.4307824591573517, "test/loss:macro_f1": 0.17224112261166497, "test/loss:time": 5.127057313919067, "_wandb": {"runtime": 1677}}