{"tag_name": "gt-semtab22-dbpedia4/bert-base-uncased-fromscratch-comma1-bs16-ml128-ne50-do0.1", "_timestamp": 1721828438.9446778, "_runtime": 1620.6193208694458, "_step": 54, "train/loss": 0.015913417483816583, "train/macro_f1": 0.9934666635155348, "train/micro_f1": 0.9951219512195122, "valid/loss": 3.117133952169524, "valid/macro_f1": 0.30728898200096627, "valid/micro_f1": 0.547945205479452, "train/time": 30.89186406135559, "train/avg_time": 31.14959869861603, "valid/best_micro_f1": 0.5553213909378293, "valid/best_macro_f1": 0.31200115564294073, "valid/best_loss": 2.2624296953107588, "valid/best_micro_f1_epoch": 27, "valid/best_macro_f1_epoch": 35, "valid/best_loss_epoch": 5, "test/f1_macro:micro_f1": 0.5402597402597402, "test/f1_macro:macro_f1": 0.29266852785471675, "test/f1_macro:time": 2.4292614459991455, "test/f1_micro:micro_f1": 0.5393939393939394, "test/f1_micro:macro_f1": 0.283384525701852, "test/f1_micro:time": 2.450051784515381, "test/loss:micro_f1": 0.5099567099567099, "test/loss:macro_f1": 0.17818335465645185, "test/loss:time": 2.4473698139190674, "_wandb": {"runtime": 1620}}