{"tag_name": "gt-semtab22-dbpedia1/bert-base-uncased-fromscratch-comma1-bs16-ml128-ne50-do0.1", "_timestamp": 1721817676.2469761, "_runtime": 1599.4831721782684, "_step": 54, "train/loss": 0.021268887152122797, "train/macro_f1": 0.9932294017335312, "train/micro_f1": 0.9932046751834738, "valid/loss": 3.098894203899402, "valid/macro_f1": 0.29153701505889934, "valid/micro_f1": 0.5329153605015674, "train/time": 30.42927360534668, "train/avg_time": 30.619487738609315, "valid/best_micro_f1": 0.5475444096133751, "valid/best_macro_f1": 0.29766995008992425, "valid/best_loss": 2.2334114685300412, "valid/best_micro_f1_epoch": 17, "valid/best_macro_f1_epoch": 23, "valid/best_loss_epoch": 5, "test/f1_macro:micro_f1": 0.5699481865284974, "test/f1_macro:macro_f1": 0.33580004384568907, "test/f1_macro:time": 2.4940314292907715, "test/f1_micro:micro_f1": 0.5613126079447323, "test/f1_micro:macro_f1": 0.32924756602579497, "test/f1_micro:time": 2.5124354362487793, "test/loss:micro_f1": 0.5397236614853195, "test/loss:macro_f1": 0.19935250108862765, "test/loss:time": 2.5033681392669678, "_wandb": {"runtime": 1599}}