{"tag_name": "sato0/bert-base-uncased-fromscratch-bs16-ml32-ne30-do0.1", "_timestamp": 1720860602.538523, "_runtime": 6305.7268488407135, "_step": 31, "train/loss": 0.0069226803101032275, "train/macro_f1": 0.9947153389597491, "train/micro_f1": 0.9978372852030986, "valid/loss": 0.5175825951229582, "valid/macro_f1": 0.8174187028109879, "valid/micro_f1": 0.9357821998233491, "train/time": 208.44161415100098, "train/avg_time": 209.428124833107, "test/loss:micro_f1": 0.9425692695214106, "test/loss:macro_f1": 0.849639379544631, "test/time": 15.04576301574707, "_wandb": {"runtime": 6305}}