{"tag_name": "gt-semtab22-dbpedia0/bert-base-uncased-fromscratch-semi-poolv0.1-unlabeled2-randTrue-bs16-ml128-ne50-do0.1", "_timestamp": 1721892814.243226, "_runtime": 1480.081169128418, "_step": 54, "train/loss": 0.02393571929045258, "train/macro_f1": 0.9935967083008825, "train/micro_f1": 0.9942934782608696, "valid/loss": 3.09899753322692, "valid/macro_f1": 0.31686056609568286, "valid/micro_f1": 0.5499474237644585, "train/time": 27.44929552078247, "train/avg_time": 27.27031051158905, "valid/best_micro_f1": 0.5520504731861199, "valid/best_macro_f1": 0.33129256230021575, "valid/best_loss": 2.2090680807025986, "valid/best_micro_f1_epoch": 48, "valid/best_macro_f1_epoch": 25, "valid/best_loss_epoch": 4, "test/f1_macro:micro_f1": 0.528804815133276, "test/f1_macro:macro_f1": 0.2883415861704343, "test/f1_macro:time": 2.458401679992676, "test/f1_micro:micro_f1": 0.5331040412725709, "test/f1_micro:macro_f1": 0.27584655863362406, "test/f1_micro:time": 2.4555249214172363, "test/loss:micro_f1": 0.5098882201203784, "test/loss:macro_f1": 0.16553630079198162, "test/loss:time": 2.46051287651062, "_wandb": {"runtime": 1479}}