{"tag_name": "gt-semtab22-dbpedia3/bert-base-uncased-fromscratch-blank-bs16-ml128-ne50-do0.1", "_timestamp": 1721460392.7043116, "_runtime": 1.090991497039795, "_step": 0, "_wandb": {"runtime": 1}}