{"tag_name": "gt-semtab22-dbpedia-all2/bert-base-uncased-fromscratch-comma-bs16-ml128-ne50-do0.1", "_timestamp": 1721404116.9580874, "_runtime": 2699.6331284046173, "_step": 54, "train/loss": 0.01094559762872588, "train/macro_f1": 0.9982090516743983, "train/micro_f1": 0.999185667752443, "valid/loss": 3.194164537801975, "valid/macro_f1": 0.24509692813992215, "valid/micro_f1": 0.48625792811839325, "train/time": 52.224520206451416, "train/avg_time": 52.23745018005371, "valid/best_micro_f1": 0.492600422832981, "valid/best_macro_f1": 0.25421353757546833, "valid/best_loss": 2.667508660293207, "valid/best_micro_f1_epoch": 34, "valid/best_macro_f1_epoch": 34, "valid/best_loss_epoch": 12, "test/f1_macro:micro_f1": 0.4733676975945017, "test/f1_macro:macro_f1": 0.2615338227521674, "test/f1_macro:time": 4.96055269241333, "test/f1_micro:micro_f1": 0.4733676975945017, "test/f1_micro:macro_f1": 0.2615338227521674, "test/f1_micro:time": 4.9608683586120605, "test/loss:micro_f1": 0.4415807560137457, "test/loss:macro_f1": 0.1789044133448701, "test/loss:time": 4.959863662719727, "_wandb": {"runtime": 2699}}