{"tag_name": "gt-semtab22-dbpedia1/bert-base-uncased-fromscratch-semi-bs16-ml128-ne50-do0.1", "_timestamp": 1721817585.4157677, "_runtime": 1520.8738346099854, "_step": 54, "train/loss": 0.02263652652053016, "train/macro_f1": 0.9926075223623104, "train/micro_f1": 0.9934764881761348, "valid/loss": 3.104578649941035, "valid/macro_f1": 0.3063017095229181, "valid/micro_f1": 0.5329153605015674, "train/time": 28.918136835098267, "train/avg_time": 29.18525535583496, "valid/best_micro_f1": 0.542319749216301, "valid/best_macro_f1": 0.32066512164427147, "valid/best_loss": 2.244528401672557, "valid/best_micro_f1_epoch": 43, "valid/best_macro_f1_epoch": 16, "valid/best_loss_epoch": 7, "test/f1_macro:micro_f1": 0.5500863557858376, "test/f1_macro:macro_f1": 0.33060591057276467, "test/f1_macro:time": 2.3859872817993164, "test/f1_micro:micro_f1": 0.5578583765112263, "test/f1_micro:macro_f1": 0.3404729789196636, "test/f1_micro:time": 2.381490707397461, "test/loss:micro_f1": 0.533678756476684, "test/loss:macro_f1": 0.2473116325322002, "test/loss:time": 2.38041615486145, "_wandb": {"runtime": 1520}}