{"tag_name": "gt-semtab22-dbpedia-all3/bert-base-uncased-fromscratch-comma-bs16-ml128-ne50-do0.1", "_timestamp": 1721406856.9383683, "_runtime": 2698.1183202266693, "_step": 54, "train/loss": 0.009649839718072322, "train/macro_f1": 0.9989786418658874, "train/micro_f1": 0.9991863303498779, "valid/loss": 3.1504975353799214, "valid/macro_f1": 0.21216352704534708, "valid/micro_f1": 0.49422875131164745, "train/time": 52.407137870788574, "train/avg_time": 52.38126461029053, "valid/best_micro_f1": 0.5120671563483735, "valid/best_macro_f1": 0.2568239880817254, "valid/best_loss": 2.5431605519318, "valid/best_micro_f1_epoch": 24, "valid/best_macro_f1_epoch": 24, "valid/best_loss_epoch": 8, "test/f1_macro:micro_f1": 0.5199306759098787, "test/f1_macro:macro_f1": 0.2991277266227302, "test/f1_macro:time": 4.95357608795166, "test/f1_micro:micro_f1": 0.5199306759098787, "test/f1_micro:macro_f1": 0.2991277266227302, "test/f1_micro:time": 4.9545814990997314, "test/loss:micro_f1": 0.4488734835355286, "test/loss:macro_f1": 0.16529626981689066, "test/loss:time": 4.955826759338379, "_wandb": {"runtime": 2698}}