{"tag_name": "sato0/bert-base-uncased-fromscratch-bs16-ml256-ne30-do0.1", "_timestamp": 1721126145.8492064, "_runtime": 13963.104904413223, "_step": 34, "train/loss": 0.005075927992289894, "train/macro_f1": 0.9955978828315111, "train/micro_f1": 0.9981780766256406, "valid/loss": 0.5038453374021005, "valid/macro_f1": 0.8264118687646902, "valid/micro_f1": 0.9410817270223932, "train/time": 445.62701416015625, "train/avg_time": 460.14478662014005, "valid/best_micro_f1": 0.9410817270223932, "valid/best_macro_f1": 0.8321875503120103, "valid/best_loss": 0.3433980893046551, "valid/best_micro_f1_epoch": 29, "valid/best_macro_f1_epoch": 26, "valid/best_loss_epoch": 3, "test/f1_macro:micro_f1": 0.9465575146935349, "test/f1_macro:macro_f1": 0.8516801041006296, "test/f1_macro:time": 35.811153411865234, "test/f1_micro:micro_f1": 0.9463056255247692, "test/f1_micro:macro_f1": 0.8534147402383726, "test/f1_micro:time": 35.96318817138672, "test/loss:micro_f1": 0.9303946263643996, "test/loss:macro_f1": 0.784195491910102, "test/loss:time": 35.84907531738281, "_wandb": {"runtime": 13962}}