{"tag_name": "gt-semtab22-dbpedia1/bert-base-uncased-fromscratch-semi-poolv0.1-unlabeled2-randTrue-bs16-ml128-ne50-do0.1", "_timestamp": 1721894346.0772011, "_runtime": 1493.303307056427, "_step": 54, "train/loss": 0.019827159058116522, "train/macro_f1": 0.9954931878841212, "train/micro_f1": 0.9956509921174233, "valid/loss": 3.07811873083825, "valid/macro_f1": 0.30734875487951424, "valid/micro_f1": 0.5287356321839081, "train/time": 27.28695011138916, "train/avg_time": 27.5259734249115, "valid/best_micro_f1": 0.5569487983281086, "valid/best_macro_f1": 0.3312620046365886, "valid/best_loss": 2.2902266839415826, "valid/best_micro_f1_epoch": 24, "valid/best_macro_f1_epoch": 26, "valid/best_loss_epoch": 8, "test/f1_macro:micro_f1": 0.531951640759931, "test/f1_macro:macro_f1": 0.3288499821627881, "test/f1_macro:time": 2.2960643768310547, "test/f1_micro:micro_f1": 0.5474956822107081, "test/f1_micro:macro_f1": 0.3273569458489116, "test/f1_micro:time": 2.3347487449645996, "test/loss:micro_f1": 0.5362694300518135, "test/loss:macro_f1": 0.2474910491402991, "test/loss:time": 2.306138277053833, "_wandb": {"runtime": 1493}}