{"tag_name": "gt-semtab22-dbpedia-all1/bert-base-uncased-fromscratch-semi-poolv0-unlabeled8-randTrue-bs16-ml128-ne50-do0.1", "_timestamp": 1721895639.3896518, "_runtime": 2573.4510498046875, "_step": 54, "train/loss": 0.00829088756599104, "train/macro_f1": 0.9985302289803809, "train/micro_f1": 0.998914223669924, "valid/loss": 3.9453858165468922, "valid/macro_f1": 0.21050401619642065, "valid/micro_f1": 0.4702194357366771, "train/time": 48.737898111343384, "train/avg_time": 48.71892207622528, "valid/best_micro_f1": 0.48066875653082547, "valid/best_macro_f1": 0.22510510039458329, "valid/best_loss": 2.8724616605392916, "valid/best_micro_f1_epoch": 25, "valid/best_macro_f1_epoch": 34, "valid/best_loss_epoch": 6, "test/f1_macro:micro_f1": 0.4697754749568221, "test/f1_macro:macro_f1": 0.23089695918876468, "test/f1_macro:time": 2.2876503467559814, "test/f1_micro:micro_f1": 0.4784110535405872, "test/f1_micro:macro_f1": 0.2262046362454663, "test/f1_micro:time": 2.2989377975463867, "test/loss:micro_f1": 0.41450777202072536, "test/loss:macro_f1": 0.09402602903536504, "test/loss:time": 2.293079137802124, "_wandb": {"runtime": 2573}}