{"tag_name": "gt-semtab22-dbpedia2/bert-base-uncased-fromscratch-comma1-bs16-ml128-ne50-do0.1", "_timestamp": 1721825169.6535587, "_runtime": 1578.6578798294067, "_step": 54, "train/loss": 0.03140809547699244, "train/macro_f1": 0.9866027640050679, "train/micro_f1": 0.9899483835914153, "valid/loss": 3.1192793475844782, "valid/macro_f1": 0.2890593430140383, "valid/micro_f1": 0.523709167544784, "train/time": 30.78694200515747, "train/avg_time": 30.234385685920714, "valid/best_micro_f1": 0.5384615384615384, "valid/best_macro_f1": 0.3092824073643455, "valid/best_loss": 2.3775814255897294, "valid/best_micro_f1_epoch": 40, "valid/best_macro_f1_epoch": 28, "valid/best_loss_epoch": 6, "test/f1_macro:micro_f1": 0.5515463917525774, "test/f1_macro:macro_f1": 0.34153918672322364, "test/f1_macro:time": 2.7327880859375, "test/f1_micro:micro_f1": 0.5481099656357389, "test/f1_micro:macro_f1": 0.33782580614416885, "test/f1_micro:time": 2.6878678798675537, "test/loss:micro_f1": 0.4991408934707904, "test/loss:macro_f1": 0.1926822265559042, "test/loss:time": 2.6557388305664062, "_wandb": {"runtime": 1578}}