{"tag_name": "gt-semtab22-dbpedia1/bert-base-uncased-fromscratch-semi-poolv2-unlabeled2-bs16-ml128-ne50-do0.1", "_timestamp": 1721876472.7873213, "_runtime": 1612.1228194236755, "_step": 54, "train/loss": 0.021383695003061802, "train/macro_f1": 0.9934158938975154, "train/micro_f1": 0.9929328621908127, "valid/loss": 3.147423274165666, "valid/macro_f1": 0.27701089619410496, "valid/micro_f1": 0.5245559038662487, "train/time": 31.176154851913452, "train/avg_time": 31.067640442848205, "valid/best_micro_f1": 0.5402298850574713, "valid/best_macro_f1": 0.29992239818658845, "valid/best_loss": 2.2625500426617364, "valid/best_micro_f1_epoch": 19, "valid/best_macro_f1_epoch": 16, "valid/best_loss_epoch": 4, "test/f1_macro:micro_f1": 0.5587219343696027, "test/f1_macro:macro_f1": 0.35138865457604906, "test/f1_macro:time": 2.842841148376465, "test/f1_micro:micro_f1": 0.5569948186528497, "test/f1_micro:macro_f1": 0.3513325900384365, "test/f1_micro:time": 3.067028760910034, "test/loss:micro_f1": 0.5259067357512953, "test/loss:macro_f1": 0.1920000842696818, "test/loss:time": 2.8347373008728027, "_wandb": {"runtime": 1612}}