{"tag_name": "gt-semtab22-dbpedia-all3/bert-base-uncased-fromscratch-blank-bs16-ml128-ne50-do0.1", "_timestamp": 1721407151.043216, "_runtime": 2777.488431930542, "_step": 54, "train/loss": 0.010565282286258767, "train/macro_f1": 0.9979250567650695, "train/micro_f1": 0.9983726606997559, "valid/loss": 3.2379180629078936, "valid/macro_f1": 0.24290194542913054, "valid/micro_f1": 0.48163693599160545, "train/time": 54.1837637424469, "train/avg_time": 53.66040650844574, "valid/best_micro_f1": 0.48688352570828963, "valid/best_macro_f1": 0.2549883261984323, "valid/best_loss": 2.7244732699743133, "valid/best_micro_f1_epoch": 38, "valid/best_macro_f1_epoch": 44, "valid/best_loss_epoch": 14, "test/f1_macro:micro_f1": 0.475736568457539, "test/f1_macro:macro_f1": 0.2783090406207268, "test/f1_macro:time": 5.1104819774627686, "test/f1_micro:micro_f1": 0.4748700173310225, "test/f1_micro:macro_f1": 0.25862688473999745, "test/f1_micro:time": 5.110819578170776, "test/loss:micro_f1": 0.44714038128249567, "test/loss:macro_f1": 0.22348189051083314, "test/loss:time": 5.112311601638794, "_wandb": {"runtime": 2777}}