{"tag_name": "gt-semtab22-dbpedia1/bert-base-uncased-fromscratch-semi-poolv4-unlabeled2-bs16-ml128-ne50-do0.1", "_timestamp": 1721881239.0670428, "_runtime": 1492.404628753662, "_step": 54, "train/loss": 0.020431444867204617, "train/macro_f1": 0.9953414387211067, "train/micro_f1": 0.9956509921174233, "valid/loss": 3.1898693985493174, "valid/macro_f1": 0.2810388570592062, "valid/micro_f1": 0.5381400208986415, "train/time": 27.493553400039673, "train/avg_time": 27.773979153633118, "valid/best_micro_f1": 0.5381400208986415, "valid/best_macro_f1": 0.28777091195344995, "valid/best_loss": 2.340085483012978, "valid/best_micro_f1_epoch": 39, "valid/best_macro_f1_epoch": 40, "valid/best_loss_epoch": 6, "test/f1_macro:micro_f1": 0.542314335060449, "test/f1_macro:macro_f1": 0.32662308445536187, "test/f1_macro:time": 2.2919702529907227, "test/f1_micro:micro_f1": 0.5526770293609672, "test/f1_micro:macro_f1": 0.34504000648629773, "test/f1_micro:time": 2.2953319549560547, "test/loss:micro_f1": 0.5146804835924007, "test/loss:macro_f1": 0.20097767495132188, "test/loss:time": 2.294694423675537, "_wandb": {"runtime": 1492}}