{"tag_name": "gt-semtab22-dbpedia1/bert-base-uncased-fromscratch-semi-poolv1-unlabeled2-bs16-ml128-ne50-do0.1", "_timestamp": 1721842011.7853363, "_runtime": 1582.3394992351532, "_step": 54, "train/loss": 0.02305267534819177, "train/macro_f1": 0.9930605161919289, "train/micro_f1": 0.994020114161457, "valid/loss": 3.1489125597873695, "valid/macro_f1": 0.29227218031426405, "valid/micro_f1": 0.5235109717868338, "train/time": 30.404980182647705, "train/avg_time": 30.571609210968017, "valid/best_micro_f1": 0.5329153605015674, "valid/best_macro_f1": 0.30051738808122364, "valid/best_loss": 2.2896578980701285, "valid/best_micro_f1_epoch": 9, "valid/best_macro_f1_epoch": 16, "valid/best_loss_epoch": 5, "test/f1_macro:micro_f1": 0.542314335060449, "test/f1_macro:macro_f1": 0.3346675425352752, "test/f1_macro:time": 2.4995219707489014, "test/f1_micro:micro_f1": 0.5466321243523317, "test/f1_micro:macro_f1": 0.2836568154629639, "test/f1_micro:time": 2.508091449737549, "test/loss:micro_f1": 0.5051813471502591, "test/loss:macro_f1": 0.18318638425126013, "test/loss:time": 2.505627393722534, "_wandb": {"runtime": 1582}}