{"tag_name": "sato0/bert-base-uncased-fromscratch-bs16-ml32-ne30-do0.1", "_timestamp": 1720853352.5437853, "_runtime": 9291.146707296371, "_step": 25, "train/loss": 0.009710667249120758, "train/macro_f1": 0.9926458819635356, "train/micro_f1": 0.9973260980692855, "valid/loss": 0.5222702470257516, "valid/macro_f1": 0.8220330835964614, "valid/micro_f1": 0.9365615420585026, "train/time": 373.4149389266968}