{"tag_name": "sato0/wikitables-simclr-bert_None_10_32_256_5e-05_sample_row4,sample_row4_tfidf_entity_column_0.05_0_last.pt_bert-base-uncased-bs32-ml256-ne30-do0.1", "_timestamp": 1720896296.635619, "_runtime": 13494.346936941147, "_step": 34, "train/loss": 0.004725859720540482, "train/macro_f1": 0.9959463397784608, "train/micro_f1": 0.9983615796993172, "valid/loss": 0.4689181639646117, "valid/macro_f1": 0.8126479585511791, "valid/micro_f1": 0.9383800072738608, "train/time": 442.57474279403687, "train/avg_time": 444.51395139694216, "valid/best_micro_f1": 0.9384839195718814, "valid/best_macro_f1": 0.8177935975189343, "valid/best_loss": 0.3344541296924627, "valid/best_micro_f1_epoch": 28, "valid/best_macro_f1_epoch": 21, "valid/best_loss_epoch": 3, "test/f1_macro:micro_f1": 0.944080604534005, "test/f1_macro:macro_f1": 0.8481343125115379, "test/f1_macro:time": 37.89253091812134, "test/f1_micro:micro_f1": 0.9445843828715366, "test/f1_micro:macro_f1": 0.8482494951092837, "test/f1_micro:time": 37.9312539100647, "test/loss:micro_f1": 0.9337111670864819, "test/loss:macro_f1": 0.7943051792022251, "test/loss:time": 37.92311882972717, "_wandb": {"runtime": 13493}}