{"tag_name": "sato0/wikitables-simclr-bert_100000_10_32_256_5e-05_sample_row4,sample_row4_tfidf_entity_column_0.05_0_last.pt_bert-base-uncased-bs32-ml256-ne30-do0.5", "_timestamp": 1720812660.7826054, "_runtime": 13653.521879434586, "_step": 31, "train/loss": 0.005001415950212984, "train/macro_f1": 0.9957222727537498, "train/micro_f1": 0.9982305060752624, "valid/loss": 0.45830458109335426, "valid/macro_f1": 0.8313785919749194, "valid/micro_f1": 0.9427962799397309, "train/time": 446.89952397346497, "train/avg_time": 453.6159072875977, "test/loss:micro_f1": 0.9471452560873216, "test/loss:macro_f1": 0.8582112983142108, "test/time": 38.25517272949219, "_wandb": {"runtime": 13653}}