{"tag_name": "gt-semtab22-dbpedia-all0/wikitables-simclr-bert_100000_10_32_256_5e-05_sample_row4,sample_row4_tfidf_entity_column_0.05_0_last.pt_bert-base-uncased-bs16-ml128-ne1-do0.5", "_timestamp": 1721371850.7017183, "_runtime": 59.54978036880493, "_step": 2, "train/loss": 3.4259466471812146, "train/macro_f1": 0.011269809640516874, "train/micro_f1": 0.28043478260869564, "valid/loss": 3.2186449620781876, "valid/macro_f1": 0.01192991996592777, "valid/micro_f1": 0.2891692954784437, "train/time": 53.733577251434326, "train/avg_time": 53.733577251434326, "valid/best_micro_f1": 0.2891692954784437, "valid/best_macro_f1": 0.01192991996592777, "valid/best_loss": 3.2186449620781876, "valid/best_micro_f1_epoch": 0, "valid/best_macro_f1_epoch": 0, "valid/best_loss_epoch": 0, "_wandb": {"runtime": 64}}