{"tag_name": "sato0/bert-base-uncased-fromscratch-bs32-ml256-ne30-do0.1", "_timestamp": 1720909614.4751797, "_runtime": 13229.915887594223, "_step": 34, "train/loss": 0.004987472801291011, "train/macro_f1": 0.9954829039719285, "train/micro_f1": 0.9982567208000734, "valid/loss": 0.42881841182181174, "valid/macro_f1": 0.8322735291826092, "valid/micro_f1": 0.944147139813997, "train/time": 439.76639580726624, "train/avg_time": 435.76663177808126, "valid/best_micro_f1": 0.9443030082610276, "valid/best_macro_f1": 0.8376478043331395, "valid/best_loss": 0.32623627556665313, "valid/best_micro_f1_epoch": 28, "valid/best_macro_f1_epoch": 24, "valid/best_loss_epoch": 3, "test/f1_macro:micro_f1": 0.9477749790092359, "test/f1_macro:macro_f1": 0.8549514609545895, "test/f1_macro:time": 37.751224517822266, "test/f1_micro:micro_f1": 0.9497061293031066, "test/f1_micro:macro_f1": 0.8635238603487392, "test/f1_micro:time": 37.76949071884155, "test/loss:micro_f1": 0.934256926952141, "test/loss:macro_f1": 0.8025001316001108, "test/loss:time": 37.78228044509888, "_wandb": {"runtime": 13229}}