{"tag_name": "gt-semtab22-dbpedia4/wikitables-simclr-bert_None_10_32_256_5e-05_sample_row4,sample_row4_tfidf_entity_column_0.05_0_last.pt_bert-base-uncased-comma-bs16-ml128-ne50-do0.1", "_timestamp": 1721491819.3486884, "_runtime": 1588.3540303707123, "_step": 54, "train/loss": 0.015080146911028923, "train/macro_f1": 0.9951007503111609, "train/micro_f1": 0.9959349593495935, "valid/loss": 3.21266703598095, "valid/macro_f1": 0.28676955231235524, "valid/micro_f1": 0.5152792413066386, "train/time": 30.569128036499023, "train/avg_time": 30.571398735046387, "valid/best_micro_f1": 0.5173867228661749, "valid/best_macro_f1": 0.29395179952144873, "valid/best_loss": 2.3899531387111463, "valid/best_micro_f1_epoch": 43, "valid/best_macro_f1_epoch": 34, "valid/best_loss_epoch": 4, "test/f1_macro:micro_f1": 0.503030303030303, "test/f1_macro:macro_f1": 0.2520423447531027, "test/f1_macro:time": 2.4153831005096436, "test/f1_micro:micro_f1": 0.5038961038961038, "test/f1_micro:macro_f1": 0.2574255796680545, "test/f1_micro:time": 2.424560070037842, "test/loss:micro_f1": 0.48484848484848486, "test/loss:macro_f1": 0.15495240332765517, "test/loss:time": 2.4178199768066406, "_wandb": {"runtime": 1588}}