{"tag_name": "gt-semtab22-dbpedia3/bert-base-uncased-fromscratch-comma-bs16-ml128-ne50-do0.1", "_timestamp": 1721458770.0897682, "_runtime": 1518.894454240799, "_step": 54, "train/loss": 0.015020269319775223, "train/macro_f1": 0.9930876416737164, "train/micro_f1": 0.9956557154493619, "valid/loss": 3.363275524936145, "valid/macro_f1": 0.25156105692220576, "valid/micro_f1": 0.5172413793103449, "train/time": 29.17491340637207, "train/avg_time": 29.27939932823181, "valid/best_micro_f1": 0.5203761755485894, "valid/best_macro_f1": 0.26482890650098345, "valid/best_loss": 2.376133140129379, "valid/best_micro_f1_epoch": 8, "valid/best_macro_f1_epoch": 16, "valid/best_loss_epoch": 4, "test/f1_macro:micro_f1": 0.5363951473136915, "test/f1_macro:macro_f1": 0.32319276100891337, "test/f1_macro:time": 2.4433577060699463, "test/f1_micro:micro_f1": 0.5251299826689775, "test/f1_micro:macro_f1": 0.2578232019981275, "test/f1_micro:time": 2.444573163986206, "test/loss:micro_f1": 0.49740034662045063, "test/loss:macro_f1": 0.1673272976925093, "test/loss:time": 2.4513516426086426, "_wandb": {"runtime": 1518}}