{"tag_name": "gt-semtab22-dbpedia1/bert-base-uncased-fromscratch-semi-poolv2-unlabeled2-bs16-ml128-ne50-do0.1", "_timestamp": 1721844274.1676955, "_runtime": 644.1418504714966, "_step": 20, "train/loss": 0.16166648009908663, "train/macro_f1": 0.9219241690290944, "train/micro_f1": 0.9635770589834194, "valid/loss": 2.7686744877351255, "valid/macro_f1": 0.2747357243126618, "valid/micro_f1": 0.5130616509926855, "train/time": 30.12727642059326, "_wandb": {"runtime": 675}}