{"tag_name": "gt-semtab22-dbpedia-all0/bert-base-uncased-fromscratch-semi-poolv0-unlabeled2-randTrue-bs16-ml128-ne50-do0.1", "_timestamp": 1721891960.085835, "_runtime": 1550.2591738700867, "_step": 54, "train/loss": 0.006378682979085163, "train/macro_f1": 0.9989512571938366, "train/micro_f1": 0.9989130434782608, "valid/loss": 3.3241963968413, "valid/macro_f1": 0.30345056204088194, "valid/micro_f1": 0.5257623554153522, "train/time": 28.779346466064453, "train/avg_time": 28.60567656517029, "valid/best_micro_f1": 0.5341745531019979, "valid/best_macro_f1": 0.3197041232393811, "valid/best_loss": 2.3607798544616214, "valid/best_micro_f1_epoch": 27, "valid/best_macro_f1_epoch": 32, "valid/best_loss_epoch": 3, "test/f1_macro:micro_f1": 0.5124677558039553, "test/f1_macro:macro_f1": 0.25473210135903934, "test/f1_macro:time": 2.4438328742980957, "test/f1_micro:micro_f1": 0.5073086844368013, "test/f1_micro:macro_f1": 0.24647539590889922, "test/f1_micro:time": 2.4448134899139404, "test/loss:micro_f1": 0.4754944110060189, "test/loss:macro_f1": 0.1096794115869729, "test/loss:time": 2.4440817832946777, "_wandb": {"runtime": 1550}}