{"tag_name": "gt-semtab22-dbpedia-all0/bert-base-uncased-fromscratch-blank-bs16-ml128-ne50-do0.1", "_timestamp": 1721401551.404619, "_runtime": 2773.7692120075226, "_step": 54, "train/loss": 0.007217204709917887, "train/macro_f1": 0.9985653538228737, "train/micro_f1": 0.9989130434782608, "valid/loss": 3.122779046616903, "valid/macro_f1": 0.2937982053985916, "valid/micro_f1": 0.5341745531019979, "train/time": 54.15882349014282, "train/avg_time": 54.08029887199402, "valid/best_micro_f1": 0.5415352260778128, "valid/best_macro_f1": 0.3028068233865877, "valid/best_loss": 2.2219657607194856, "valid/best_micro_f1_epoch": 13, "valid/best_macro_f1_epoch": 14, "valid/best_loss_epoch": 5, "test/f1_macro:micro_f1": 0.5107480653482374, "test/f1_macro:macro_f1": 0.24994603256756948, "test/f1_macro:time": 5.18713641166687, "test/f1_micro:micro_f1": 0.5219260533104041, "test/f1_micro:macro_f1": 0.24336149715545896, "test/f1_micro:time": 5.160005331039429, "test/loss:micro_f1": 0.4892519346517627, "test/loss:macro_f1": 0.12211084986774509, "test/loss:time": 5.1601035594940186, "_wandb": {"runtime": 2773}}