{"tag_name": "gt-semtab22-dbpedia-all0/bert-base-uncased-fromscratch-semi-poolv0-unlabeled8-randTrue-bs16-ml128-ne50-do0.1", "_timestamp": 1721893011.5344543, "_runtime": 2533.0554304122925, "_step": 54, "train/loss": 0.005955428867190451, "train/macro_f1": 0.9995590850524932, "train/micro_f1": 0.9997282608695652, "valid/loss": 3.776998574306772, "valid/macro_f1": 0.22538681594234874, "valid/micro_f1": 0.48264984227129337, "train/time": 48.27625060081482, "train/avg_time": 48.471920914649964, "valid/best_micro_f1": 0.4889589905362776, "valid/best_macro_f1": 0.25280853387772656, "valid/best_loss": 2.6366798080468516, "valid/best_micro_f1_epoch": 44, "valid/best_macro_f1_epoch": 19, "valid/best_loss_epoch": 8, "test/f1_macro:micro_f1": 0.4488392089423904, "test/f1_macro:macro_f1": 0.19666088286540961, "test/f1_macro:time": 2.4355664253234863, "test/f1_micro:micro_f1": 0.4522785898538263, "test/f1_micro:macro_f1": 0.1935114526155304, "test/f1_micro:time": 2.4386961460113525, "test/loss:micro_f1": 0.43852106620808257, "test/loss:macro_f1": 0.13118295929242071, "test/loss:time": 2.4400722980499268, "_wandb": {"runtime": 2532}}