{"tag_name": "gt-semtab22-dbpedia-all0/wikitables-simclr-bert_100000_10_32_256_5e-05_sample_row4,sample_row4_tfidf_entity_column_0.05_0_last.pt_bert-base-uncased-bs16-ml128-ne1-do0.5", "_timestamp": 1721371720.7396927, "_runtime": 58.225748777389526, "_step": 2, "train/loss": 3.4302876882542184, "train/macro_f1": 0.015063932903533295, "train/micro_f1": 0.28532608695652173, "valid/loss": 3.2227470932937248, "valid/macro_f1": 0.018456864850740266, "valid/micro_f1": 0.29232386961093587, "train/time": 52.48154973983765, "train/avg_time": 52.48154973983765, "valid/best_micro_f1": 0.29232386961093587, "valid/best_macro_f1": 0.018456864850740266, "valid/best_loss": 3.2227470932937248, "valid/best_micro_f1_epoch": 0, "valid/best_macro_f1_epoch": 0, "valid/best_loss_epoch": 0, "_wandb": {"runtime": 58}}