{"tag_name": "gt-semtab22-dbpedia-all1/bert-base-uncased-fromscratch-bs16-ml128-ne30-do0.1", "_timestamp": 1721319711.3434305, "_runtime": 2.9529964923858643, "_step": 0, "_wandb": {"runtime": 2}}