{"tag_name": "sato0/bert-base-uncased-fromscratch-bs16-ml128-ne30-do0.1", "_timestamp": 1721124905.608131, "_runtime": 12723.934912919998, "_step": 34, "train/loss": 0.005565842384650463, "train/macro_f1": 0.9949038423252651, "train/micro_f1": 0.9981911839880461, "valid/loss": 0.4808946143937831, "valid/macro_f1": 0.8103268644411846, "valid/micro_f1": 0.9404582532342702, "train/time": 416.39221119880676, "train/avg_time": 419.09984130064646, "valid/best_micro_f1": 0.9410297708733829, "valid/best_macro_f1": 0.8215223765174992, "valid/best_loss": 0.34690600194820453, "valid/best_micro_f1_epoch": 27, "valid/best_macro_f1_epoch": 20, "valid/best_loss_epoch": 5, "test/f1_macro:micro_f1": 0.9424013434089001, "test/f1_macro:macro_f1": 0.8523811486969068, "test/f1_macro:time": 33.38527846336365, "test/f1_micro:micro_f1": 0.94575986565911, "test/f1_micro:macro_f1": 0.8521480440697278, "test/f1_micro:time": 33.38905429840088, "test/loss:micro_f1": 0.9338371116708648, "test/loss:macro_f1": 0.8145164084832917, "test/loss:time": 33.42566394805908, "_wandb": {"runtime": 12723}}