{"tag_name": "gt-semtab22-dbpedia-all0/bert-base-uncased-fromscratch-bs16-ml128-ne30-do0.1", "_timestamp": 1721322082.90247, "_runtime": 1663.2252261638641, "_step": 31, "train/loss": 0.03976570987965214, "train/macro_f1": 0.990207667044147, "train/micro_f1": 0.9964673913043478, "valid/loss": 2.726083107110931, "valid/macro_f1": 0.2642190563175809, "valid/micro_f1": 0.5057833859095688, "train/time": 53.12415933609009, "train/avg_time": 53.582011914253236, "valid/best_micro_f1": 0.5173501577287066, "valid/best_macro_f1": 0.2748852468580737, "valid/best_loss": 2.4069054853625413, "valid/best_micro_f1_epoch": 18, "valid/best_macro_f1_epoch": 18, "valid/best_loss_epoch": 8, "_wandb": {"runtime": 1663}}