{"tag_name": "gt-semtab22-dbpedia-all0/bert-base-uncased-fromscratch-bs16-ml128-ne30-do0.1", "_timestamp": 1721322036.2775135, "_runtime": 1687.0949685573578, "_step": 31, "train/loss": 0.037761596974890815, "train/macro_f1": 0.9935605933245039, "train/micro_f1": 0.9967391304347826, "valid/loss": 2.837328306058558, "valid/macro_f1": 0.2575651945874801, "valid/micro_f1": 0.5026288117770767, "train/time": 54.990683794021606, "train/avg_time": 54.555404178301494, "valid/best_micro_f1": 0.5099894847528917, "valid/best_macro_f1": 0.2674079976847705, "valid/best_loss": 2.2909213886028383, "valid/best_micro_f1_epoch": 16, "valid/best_macro_f1_epoch": 17, "valid/best_loss_epoch": 6, "_wandb": {"runtime": 1686}}