{"tag_name": "sato0/bert-base-uncased-fromscratch-bs32-ml256-ne30-do0.5", "_timestamp": 1720797436.4861414, "_runtime": 1.2672703266143799, "_step": 0, "_wandb": {"runtime": 863}}