{"tag_name": "gt-semtab22-dbpedia-all0/bert-base-uncased-fromscratch-bs16-ml128-ne30-do0.1", "_timestamp": 1721321955.1113746, "_runtime": 1.3232076168060303, "_step": 0, "_wandb": {"runtime": 3}}