{"tag_name": "sato0/wikitables-simclr-bert_100000_10_32_256_5e-05_sample_row4,sample_row4_tfidf_entity_column_0.05_0_last.pt_bert-base-uncased-bs16-ml32-ne30-do0.1", "_timestamp": 1720853015.0422504, "_runtime": 8953.815990447998, "_step": 24, "train/loss": 0.008514632568960344, "train/macro_f1": 0.9945175196316856, "train/micro_f1": 0.9975882453173948, "valid/loss": 0.4953997940152476, "valid/macro_f1": 0.8332223281404069, "valid/micro_f1": 0.9385878318699018, "train/time": 371.80639600753784}