{"tag_name": "sato0/wikitables-simclr-bert_100000_10_32_256_5e-05_sample_row4,sample_row4_tfidf_entity_column_0.05_0_last.pt_bert-base-uncased-bs16-ml32-ne1-do0.5", "_timestamp": 1720882365.3985467, "_runtime": 214.23794078826904, "_step": 3, "train/loss": 0.7397966282637173, "train/macro_f1": 0.4852420234932528, "train/micro_f1": 0.835712319609925, "valid/loss": 0.41039172578484767, "valid/macro_f1": 0.6182852063635451, "valid/micro_f1": 0.9104795552553645, "train/time": 195.63224339485168, "valid/best_micro_f1": 0.9104795552553645, "valid/best_macro_f1": 0.6182852063635451, "valid/best_loss": 0.41039172578484767, "valid/best_micro_f1_epoch": 0, "valid/best_macro_f1_epoch": 0, "valid/best_loss_epoch": 0, "train/f1_macro:avg_time": 195.63224339485168, "test/f1_macro:micro_f1": 0.9138119227539883, "test/f1_macro:macro_f1": 0.6180182940626877, "test/f1_macro:time": 14.26016902923584, "_wandb": {"runtime": 213}}