{"tag_name": "gt-semtab22-dbpedia0/bert-base-uncased-fromscratch-semi-poolv2-unlabeled2-bs16-ml128-ne50-do0.1", "_timestamp": 1721843600.9687502, "_runtime": 1558.4108142852783, "_step": 54, "train/loss": 0.021832958387122268, "train/macro_f1": 0.992131288760463, "train/micro_f1": 0.99375, "valid/loss": 3.1867396283640916, "valid/macro_f1": 0.2991713855866124, "valid/micro_f1": 0.5278654048370137, "train/time": 29.83904504776001, "train/avg_time": 29.921427216529846, "valid/best_micro_f1": 0.53732912723449, "valid/best_macro_f1": 0.3101574680893347, "valid/best_loss": 2.2400582127639117, "valid/best_micro_f1_epoch": 27, "valid/best_macro_f1_epoch": 27, "valid/best_loss_epoch": 6, "test/f1_macro:micro_f1": 0.5253654342218401, "test/f1_macro:macro_f1": 0.25966696252254007, "test/f1_macro:time": 2.613018035888672, "test/f1_micro:micro_f1": 0.5253654342218401, "test/f1_micro:macro_f1": 0.25966696252254007, "test/f1_micro:time": 2.6212151050567627, "test/loss:micro_f1": 0.4995700773860705, "test/loss:macro_f1": 0.1957883888640609, "test/loss:time": 2.589151382446289, "_wandb": {"runtime": 1558}}