{"tag_name": "gt-semtab22-dbpedia4/bert-base-uncased-fromscratch-semi-bs16-ml128-ne50-do0.1", "_timestamp": 1721828197.6247663, "_runtime": 1546.9440972805023, "_step": 54, "train/loss": 0.02371414100291897, "train/macro_f1": 0.9909475809288477, "train/micro_f1": 0.9929539295392954, "valid/loss": 3.0994365377773763, "valid/macro_f1": 0.3109333839132447, "valid/micro_f1": 0.5447839831401475, "train/time": 29.371036529541016, "train/avg_time": 29.481244592666627, "valid/best_micro_f1": 0.5553213909378293, "valid/best_macro_f1": 0.3251827056995932, "valid/best_loss": 2.458365366311534, "valid/best_micro_f1_epoch": 31, "valid/best_macro_f1_epoch": 31, "valid/best_loss_epoch": 11, "test/f1_macro:micro_f1": 0.541991341991342, "test/f1_macro:macro_f1": 0.30738093422189844, "test/f1_macro:time": 2.3183786869049072, "test/f1_micro:micro_f1": 0.541991341991342, "test/f1_micro:macro_f1": 0.30738093422189844, "test/f1_micro:time": 2.323638916015625, "test/loss:micro_f1": 0.49437229437229435, "test/loss:macro_f1": 0.22914702857580033, "test/loss:time": 2.3268656730651855, "_wandb": {"runtime": 1546}}