{"tag_name": "gt-semtab22-dbpedia-all0/bert-base-uncased-fromscratch-bs16-ml128-ne30-do0.1", "_timestamp": 1721321847.721859, "_runtime": 1622.7287290096283, "_step": 31, "train/loss": 0.019133705507931205, "train/macro_f1": 0.9992640270110108, "train/micro_f1": 0.9989130434782608, "valid/loss": 2.7551407261592584, "valid/macro_f1": 0.2880003898490694, "valid/micro_f1": 0.526813880126183, "train/time": 52.99829697608948, "train/avg_time": 52.53707474072774, "valid/best_micro_f1": 0.5404837013669821, "valid/best_macro_f1": 0.30046329312813963, "valid/best_loss": 2.108970211773384, "valid/best_micro_f1_epoch": 13, "valid/best_macro_f1_epoch": 13, "valid/best_loss_epoch": 3, "_wandb": {"runtime": 1622}}