{"tag_name": "gt-semtab22-dbpedia0/bert-base-uncased-fromscratch-semi-poolv3-unlabeled2-bs16-ml128-ne50-do0.1", "_timestamp": 1721886578.131229, "_runtime": 1475.799472808838, "_step": 54, "train/loss": 0.021296773185687404, "train/macro_f1": 0.9920879893950257, "train/micro_f1": 0.9940217391304348, "valid/loss": 3.1561179999881994, "valid/macro_f1": 0.2886973004353177, "valid/micro_f1": 0.5257623554153522, "train/time": 27.57685422897339, "train/avg_time": 27.483128995895385, "valid/best_micro_f1": 0.5341745531019979, "valid/best_macro_f1": 0.30683104061985866, "valid/best_loss": 2.1878053783047973, "valid/best_micro_f1_epoch": 17, "valid/best_macro_f1_epoch": 32, "valid/best_loss_epoch": 6, "test/f1_macro:micro_f1": 0.5365434221840069, "test/f1_macro:macro_f1": 0.27314786062544844, "test/f1_macro:time": 2.431953191757202, "test/f1_micro:micro_f1": 0.5270851246775581, "test/f1_micro:macro_f1": 0.2587800452012706, "test/f1_micro:time": 2.4250526428222656, "test/loss:micro_f1": 0.5279449699054171, "test/loss:macro_f1": 0.2116433432068368, "test/loss:time": 2.432717800140381, "_wandb": {"runtime": 1475}}