{"tag_name": "sato0/wikitables-simclr-bert_100000_10_32_256_5e-05_sample_row4,sample_row4_tfidf_entity_column_0.05_0_last.pt_bert-base-uncased-bs32-ml256-ne0-do0.5", "_timestamp": 1720796801.8398979, "_runtime": 37.85352087020874, "_step": 1, "train/avg_time": NaN, "test/loss:micro_f1": 0.009151973131821999, "test/loss:macro_f1": 0.005378405382799663, "test/time": 36.64754509925842, "_wandb": {"runtime": 37}}