{"tag_name": "sato0/bert-base-uncased-fromscratch-bs32-ml256-ne30-do0.5", "_timestamp": 1720826145.6143734, "_runtime": 13396.209873437881, "_step": 31, "train/loss": 0.0059525628959051224, "train/macro_f1": 0.9955310897953539, "train/micro_f1": 0.9980994324512078, "valid/loss": 0.4693525920019093, "valid/macro_f1": 0.8309029611629558, "valid/micro_f1": 0.9415493323634853, "train/time": 445.71125888824463, "train/avg_time": 445.0382378737132, "test/loss:micro_f1": 0.9465994962216624, "test/loss:macro_f1": 0.8605267774668172, "test/time": 38.19837164878845, "_wandb": {"runtime": 13395}}