{"tag_name": "gt-semtab22-dbpedia-all0/bert-base-uncased-fromscratch-bs16-ml128-ne30-do0.1", "_timestamp": 1721374656.9797459, "_runtime": 1628.4798448085785, "_step": 34, "train/loss": 0.05481916350781212, "train/macro_f1": 0.9761976240759623, "train/micro_f1": 0.9896739130434784, "valid/loss": 2.6955928540811307, "valid/macro_f1": 0.27714925871653723, "valid/micro_f1": 0.5110410094637224, "train/time": 51.49370050430298, "train/avg_time": 51.636751739184064, "valid/best_micro_f1": 0.5162986330178759, "valid/best_macro_f1": 0.2889873033352857, "valid/best_loss": 2.422466853769814, "valid/best_micro_f1_epoch": 26, "valid/best_macro_f1_epoch": 22, "valid/best_loss_epoch": 10, "test/f1_macro:micro_f1": 0.45657781599312125, "test/f1_macro:macro_f1": 0.18555275734521257, "test/f1_macro:time": 4.914122104644775, "test/f1_micro:micro_f1": 0.45657781599312125, "test/f1_micro:macro_f1": 0.18555275734521257, "test/f1_micro:time": 4.9109179973602295, "test/loss:micro_f1": 0.4901117798796217, "test/loss:macro_f1": 0.20079806508461037, "test/loss:time": 4.916656494140625, "_wandb": {"runtime": 1628}}