{"tag_name": "sato0/wikitables-simclr-bert_100000_10_32_256_5e-05_sample_row4,sample_row4_tfidf_entity_column_0.05_0_last.pt_bert-base-uncased-bs16-ml32-ne30-do0.1", "_timestamp": 1720930788.8362699, "_runtime": 6115.834256887436, "_step": 34, "train/loss": 0.005888530439613955, "train/macro_f1": 0.9954477650486661, "train/micro_f1": 0.9980601103639914, "valid/loss": 0.5196935757634122, "valid/macro_f1": 0.8249704717467168, "valid/micro_f1": 0.9380163142307892, "train/time": 185.90403151512146, "train/avg_time": 201.1691496372223, "valid/best_micro_f1": 0.9384319634228709, "valid/best_macro_f1": 0.8284692412475451, "valid/best_loss": 0.34075766021467097, "valid/best_micro_f1_epoch": 27, "valid/best_macro_f1_epoch": 9, "valid/best_loss_epoch": 2, "test/f1_macro:micro_f1": 0.9369857262804366, "test/f1_macro:macro_f1": 0.8284835594484263, "test/f1_macro:time": 14.1643385887146, "test/f1_micro:micro_f1": 0.942653232577666, "test/f1_micro:macro_f1": 0.8432427260775424, "test/f1_micro:time": 14.198126077651978, "test/loss:micro_f1": 0.9278337531486146, "test/loss:macro_f1": 0.7884112821594075, "test/loss:time": 14.174524068832397, "_wandb": {"runtime": 6115}}