{"tag_name": "gt-semtab22-dbpedia-all1/bert-base-uncased-fromscratch-semi-unlabeled4-bs16-ml128-ne50-do0.1", "_timestamp": 1721835816.9142478, "_runtime": 2757.0568346977234, "_step": 54, "train/loss": 0.007833422790699308, "train/macro_f1": 0.9995812657971674, "train/micro_f1": 0.999457111834962, "valid/loss": 3.054950703919389, "valid/macro_f1": 0.28555975152191587, "valid/micro_f1": 0.5252100840336135, "train/time": 54.045491456985474, "train/avg_time": 53.69998189926147, "valid/best_micro_f1": 0.5252100840336135, "valid/best_macro_f1": 0.2984126577198208, "valid/best_loss": 2.2843369695066498, "valid/best_micro_f1_epoch": 49, "valid/best_macro_f1_epoch": 30, "valid/best_loss_epoch": 7, "test/f1_macro:micro_f1": 0.5509499136442142, "test/f1_macro:macro_f1": 0.3145965497551763, "test/f1_macro:time": 5.040859222412109, "test/f1_micro:micro_f1": 0.5457685664939551, "test/f1_micro:macro_f1": 0.31667062027982085, "test/f1_micro:time": 5.044900178909302, "test/loss:micro_f1": 0.5233160621761658, "test/loss:macro_f1": 0.23045362356589907, "test/loss:time": 5.054211378097534, "_wandb": {"runtime": 2756}}