{"tag_name": "sato0/wikitables-simclr-bert_100000_10_32_256_5e-05_sample_row4,sample_row4_tfidf_entity_column_0.05_0_last.pt_bert-base-uncased-bs16-ml32-ne30-do0.5", "_timestamp": 1720808822.9998586, "_runtime": 11280.585860729218, "_step": 31, "train/loss": 0.006491655528925489, "train/macro_f1": 0.9951286310098755, "train/micro_f1": 0.998047003001586, "valid/loss": 0.5270075601274445, "valid/macro_f1": 0.8325516912217527, "valid/micro_f1": 0.9384319634228709, "train/time": 372.2713851928711, "train/avg_time": 374.44586346149447, "test/loss:micro_f1": 0.9444584382871537, "test/loss:macro_f1": 0.8460648777345935, "test/time": 42.30818510055542, "_wandb": {"runtime": 11280}}