{"tag_name": "gt-semtab22-dbpedia4/bert-base-uncased-fromscratch-comma-bs16-ml128-ne50-do0.1", "_timestamp": 1721460334.3693743, "_runtime": 1532.5549552440643, "_step": 54, "train/loss": 0.018954076299785055, "train/macro_f1": 0.9926062797469933, "train/micro_f1": 0.9940379403794037, "valid/loss": 3.0585486990902955, "valid/macro_f1": 0.3158917432483915, "valid/micro_f1": 0.565858798735511, "train/time": 29.39030957221985, "train/avg_time": 29.43196545600891, "valid/best_micro_f1": 0.5690200210748156, "valid/best_macro_f1": 0.32705689010118705, "valid/best_loss": 2.239051534710142, "valid/best_micro_f1_epoch": 44, "valid/best_macro_f1_epoch": 31, "valid/best_loss_epoch": 6, "test/f1_macro:micro_f1": 0.5558441558441558, "test/f1_macro:macro_f1": 0.31877441302585674, "test/f1_macro:time": 2.3300669193267822, "test/f1_micro:micro_f1": 0.5506493506493506, "test/f1_micro:macro_f1": 0.3174638175472937, "test/f1_micro:time": 2.313225030899048, "test/loss:micro_f1": 0.5082251082251082, "test/loss:macro_f1": 0.19369399419605046, "test/loss:time": 2.3138039112091064, "_wandb": {"runtime": 1532}}