{"tag_name": "gt-semtab22-dbpedia3/bert-base-uncased-fromscratch-semi-bs16-ml128-ne50-do0.1", "_timestamp": 1721826619.208316, "_runtime": 1518.8584651947021, "_step": 54, "train/loss": 0.018680529553803324, "train/macro_f1": 0.9932191000838849, "train/micro_f1": 0.9940266087428726, "valid/loss": 3.3678554884995084, "valid/macro_f1": 0.2720042900435938, "valid/micro_f1": 0.5172413793103449, "train/time": 29.754467964172363, "train/avg_time": 29.344193024635317, "valid/best_micro_f1": 0.5276907001044933, "valid/best_macro_f1": 0.28419138789358883, "valid/best_loss": 2.35905251623709, "valid/best_micro_f1_epoch": 33, "valid/best_macro_f1_epoch": 24, "valid/best_loss_epoch": 4, "test/f1_macro:micro_f1": 0.5355285961871751, "test/f1_macro:macro_f1": 0.3143037289570628, "test/f1_macro:time": 2.4423601627349854, "test/f1_micro:micro_f1": 0.5259965337954939, "test/f1_micro:macro_f1": 0.32800637035053964, "test/f1_micro:time": 2.445667028427124, "test/loss:micro_f1": 0.47920277296360486, "test/loss:macro_f1": 0.14449859786905325, "test/loss:time": 2.444121837615967, "_wandb": {"runtime": 1518}}