{"tag_name": "gt-semtab22-dbpedia0/bert-base-uncased-fromscratch-semi-poolv1-unlabeled2-bs16-ml128-ne50-do0.1", "_timestamp": 1721840398.6330833, "_runtime": 1560.6646814346313, "_step": 54, "train/loss": 0.01886092673558446, "train/macro_f1": 0.9955020527818826, "train/micro_f1": 0.9953804347826087, "valid/loss": 3.1335954862615765, "valid/macro_f1": 0.28792615187354464, "valid/micro_f1": 0.5341745531019979, "train/time": 30.307793140411377, "train/avg_time": 30.00732680797577, "valid/best_micro_f1": 0.5415352260778128, "valid/best_macro_f1": 0.31166181825296435, "valid/best_loss": 2.158637858419524, "valid/best_micro_f1_epoch": 40, "valid/best_macro_f1_epoch": 24, "valid/best_loss_epoch": 3, "test/f1_macro:micro_f1": 0.5184866723989682, "test/f1_macro:macro_f1": 0.25857803788047184, "test/f1_macro:time": 2.6566333770751953, "test/f1_micro:micro_f1": 0.5417024935511608, "test/f1_micro:macro_f1": 0.28130235548072297, "test/f1_micro:time": 2.6765429973602295, "test/loss:micro_f1": 0.5081685296646603, "test/loss:macro_f1": 0.12948773289436993, "test/loss:time": 2.6647861003875732, "_wandb": {"runtime": 1560}}