{"tag_name": "gt-semtab22-dbpedia-all0/wikitables-simclr-bert_100000_10_32_256_5e-05_sample_row4,sample_row4_tfidf_entity_column_0.05_0_last.pt_bert-base-uncased-bs16-ml128-ne1-do0.5", "_timestamp": 1721371102.569899, "_runtime": 56.87321209907532, "_step": 2, "train/loss": 3.4167330893611507, "train/macro_f1": 0.015356627720583532, "train/micro_f1": 0.2807065217391304, "valid/loss": 3.1989907346120696, "valid/macro_f1": 0.01588813510802525, "valid/micro_f1": 0.2912723449001052, "train/time": 53.79289126396179, "train/avg_time": 53.79289126396179, "valid/best_micro_f1": 0.2912723449001052, "valid/best_macro_f1": 0.01588813510802525, "valid/best_loss": 3.1989907346120696, "valid/best_micro_f1_epoch": 0, "valid/best_macro_f1_epoch": 0, "valid/best_loss_epoch": 0, "_wandb": {"runtime": 56}}