{"tag_name": "gt-semtab22-dbpedia1/bert-base-uncased-fromscratch-semi-poolv4.1-unlabeled2-bs16-ml128-ne50-do0.1", "_timestamp": 1721888310.5298223, "_runtime": 1470.4866843223572, "_step": 54, "train/loss": 0.019045490749375296, "train/macro_f1": 0.9947369261861534, "train/micro_f1": 0.9951073661321012, "valid/loss": 3.0983083455951768, "valid/macro_f1": 0.3029664425824113, "valid/micro_f1": 0.5454545454545454, "train/time": 27.56020212173462, "train/avg_time": 27.535077605247498, "valid/best_micro_f1": 0.5464994775339603, "valid/best_macro_f1": 0.31116186164315657, "valid/best_loss": 2.282210747526867, "valid/best_micro_f1_epoch": 48, "valid/best_macro_f1_epoch": 27, "valid/best_loss_epoch": 4, "test/f1_macro:micro_f1": 0.5544041450777202, "test/f1_macro:macro_f1": 0.3374975311344442, "test/f1_macro:time": 2.2695820331573486, "test/f1_micro:micro_f1": 0.5483592400690847, "test/f1_micro:macro_f1": 0.3186015930845633, "test/f1_micro:time": 2.2658607959747314, "test/loss:micro_f1": 0.5112262521588946, "test/loss:macro_f1": 0.17786467000978168, "test/loss:time": 2.2612133026123047, "_wandb": {"runtime": 1470}}