{"tag_name": "gt-semtab22-dbpedia0/bert-base-uncased-fromscratch-blank-bs16-ml128-ne50-do0.1", "_timestamp": 1721412908.2336373, "_runtime": 1424.751579284668, "_step": 54, "train/loss": 0.024627595637289303, "train/macro_f1": 0.9875899329027972, "train/micro_f1": 0.99375, "valid/loss": 3.253419111345536, "valid/macro_f1": 0.2732760993636487, "valid/micro_f1": 0.5068349106203995, "train/time": 27.517861366271973, "train/avg_time": 27.485054235458374, "valid/best_micro_f1": 0.5152471083070452, "valid/best_macro_f1": 0.28769134077826886, "valid/best_loss": 2.4300280116061588, "valid/best_micro_f1_epoch": 36, "valid/best_macro_f1_epoch": 20, "valid/best_loss_epoch": 6, "test/f1_macro:micro_f1": 0.5073086844368013, "test/f1_macro:macro_f1": 0.2512980282026776, "test/f1_macro:time": 2.4810359477996826, "test/f1_micro:micro_f1": 0.5141874462596733, "test/f1_micro:macro_f1": 0.2513402296133565, "test/f1_micro:time": 2.472715139389038, "test/loss:micro_f1": 0.48065348237317285, "test/loss:macro_f1": 0.1456946839150335, "test/loss:time": 2.4699113368988037, "_wandb": {"runtime": 1424}}