{"tag_name": "sato0/wikitables-simclr-bert_100000_10_32_256_5e-05_sample_row4,sample_row4_tfidf_entity_column_0.05_0_last.pt_bert-base-uncased-bs32-ml256-ne1-do0.5", "_timestamp": 1720796198.2543411, "_runtime": 1.0644152164459229, "_step": 0, "_wandb": {"runtime": 403}}