{"tag_name": "gt-semtab22-dbpedia-all0/bert-base-uncased-fromscratch-bs16-ml128-ne30-do0.1", "_timestamp": 1721320065.1130838, "_runtime": 59.9071319103241, "_step": 1, "train/loss": 3.5121739899461755, "train/macro_f1": 0.01144373042929862, "train/micro_f1": 0.24320652173913043, "valid/loss": 3.234568328392215, "valid/macro_f1": 0.01963342148135907, "valid/micro_f1": 0.2912723449001052, "train/time": 53.794440507888794}