{"tag_name": "gt-semtab22-dbpedia-all4/bert-base-uncased-fromscratch-blank-bs16-ml128-ne50-do0.1", "_timestamp": 1721409950.190508, "_runtime": 2762.0346958637238, "_step": 54, "train/loss": 0.008205835277371051, "train/macro_f1": 0.9978039575357979, "train/micro_f1": 0.9986453535627201, "valid/loss": 2.918635250411871, "valid/macro_f1": 0.2793870934474034, "valid/micro_f1": 0.5210970464135021, "train/time": 53.72870111465454, "train/avg_time": 53.608907933235166, "valid/best_micro_f1": 0.5295358649789029, "valid/best_macro_f1": 0.2964295173056071, "valid/best_loss": 2.288362319596851, "valid/best_micro_f1_epoch": 34, "valid/best_macro_f1_epoch": 39, "valid/best_loss_epoch": 7, "test/f1_macro:micro_f1": 0.5255411255411255, "test/f1_macro:macro_f1": 0.3008399558039359, "test/f1_macro:time": 5.166942119598389, "test/f1_micro:micro_f1": 0.5281385281385281, "test/f1_micro:macro_f1": 0.3082333957156376, "test/f1_micro:time": 5.156937599182129, "test/loss:micro_f1": 0.4692640692640693, "test/loss:macro_f1": 0.1982404631508932, "test/loss:time": 5.147556781768799, "_wandb": {"runtime": 2761}}