{"tag_name": "gt-semtab22-dbpedia-all1/bert-base-uncased-fromscratch-comma-bs16-ml128-ne50-do0.1", "_timestamp": 1721398643.6964774, "_runtime": 2653.1102793216705, "_step": 54, "train/loss": 0.0038865791372713035, "train/macro_f1": 0.9996111278436276, "train/micro_f1": 0.999728555917481, "valid/loss": 3.048120973310398, "valid/macro_f1": 0.305608443528426, "valid/micro_f1": 0.5399159663865546, "train/time": 51.845982789993286, "train/avg_time": 51.916381721496585, "valid/best_micro_f1": 0.5504201680672269, "valid/best_macro_f1": 0.33027173510809693, "valid/best_loss": 2.1528102889315774, "valid/best_micro_f1_epoch": 32, "valid/best_macro_f1_epoch": 19, "valid/best_loss_epoch": 4, "test/f1_macro:micro_f1": 0.5587219343696027, "test/f1_macro:macro_f1": 0.34779592434309575, "test/f1_macro:time": 4.981007814407349, "test/f1_micro:micro_f1": 0.5794473229706391, "test/f1_micro:macro_f1": 0.36681922639539405, "test/f1_micro:time": 4.9850146770477295, "test/loss:micro_f1": 0.5500863557858376, "test/loss:macro_f1": 0.2223107502057712, "test/loss:time": 4.986301898956299, "_wandb": {"runtime": 2653}}