{"tag_name": "gt-semtab22-dbpedia-all0/wikitables-simclr-bert_100000_10_32_256_5e-05_sample_row4,sample_row4_tfidf_entity_column_0.05_0_last.pt_bert-base-uncased-bs16-ml128-ne1-do0.5", "_timestamp": 1721372654.9296556, "_runtime": 74.30893850326538, "_step": 5, "train/loss": 3.42433118620068, "train/macro_f1": 0.013427433940603955, "train/micro_f1": 0.28125, "valid/loss": 3.2108345496945265, "valid/macro_f1": 0.01735011558302574, "valid/micro_f1": 0.29547844374342797, "train/time": 53.01800584793091, "train/avg_time": 53.01800584793091, "valid/best_micro_f1": 0.29547844374342797, "valid/best_macro_f1": 0.01735011558302574, "valid/best_loss": 3.2108345496945265, "valid/best_micro_f1_epoch": 0, "valid/best_macro_f1_epoch": 0, "valid/best_loss_epoch": 0, "test/f1_macro:micro_f1": 0.3000859845227859, "test/f1_macro:macro_f1": 0.019152707372978143, "test/f1_macro:time": 4.891289949417114, "test/f1_micro:micro_f1": 0.3000859845227859, "test/f1_micro:macro_f1": 0.019152707372978143, "test/f1_micro:time": 4.880425453186035, "test/loss:micro_f1": 0.3000859845227859, "test/loss:macro_f1": 0.019152707372978143, "test/loss:time": 4.893800973892212, "_wandb": {"runtime": 74}}