{"tag_name": "gt-semtab22-dbpedia3/bert-base-uncased-fromscratch-blank-bs16-ml128-ne50-do0.1", "_timestamp": 1721458889.282446, "_runtime": 1443.8126058578491, "_step": 54, "train/loss": 0.02559478116913945, "train/macro_f1": 0.9901687841856761, "train/micro_f1": 0.9926690198207982, "valid/loss": 3.3815313834178298, "valid/macro_f1": 0.2550910403661762, "valid/micro_f1": 0.5078369905956113, "train/time": 27.342405319213867, "train/avg_time": 27.658964042663573, "valid/best_micro_f1": 0.5214211076280042, "valid/best_macro_f1": 0.27673253848638707, "valid/best_loss": 2.4173304823380484, "valid/best_micro_f1_epoch": 37, "valid/best_macro_f1_epoch": 30, "valid/best_loss_epoch": 4, "test/f1_macro:micro_f1": 0.5233968804159446, "test/f1_macro:macro_f1": 0.30392439708749985, "test/f1_macro:time": 2.3452835083007812, "test/f1_micro:micro_f1": 0.5251299826689775, "test/f1_micro:macro_f1": 0.3125810147827776, "test/f1_micro:time": 2.3535056114196777, "test/loss:micro_f1": 0.4662045060658579, "test/loss:macro_f1": 0.1340600520654835, "test/loss:time": 2.3771965503692627, "_wandb": {"runtime": 1443}}