{"tag_name": "gt-semtab22-dbpedia2/bert-base-uncased-fromscratch-semi-bs16-ml128-ne50-do0.1", "_timestamp": 1721825069.893002, "_runtime": 1508.2505300045013, "_step": 54, "train/loss": 0.022167764956842983, "train/macro_f1": 0.992597350897152, "train/micro_f1": 0.9937516979081771, "valid/loss": 3.08423571881326, "valid/macro_f1": 0.2991950593841932, "valid/micro_f1": 0.5342465753424658, "train/time": 29.132912635803223, "train/avg_time": 28.866609148979187, "valid/best_micro_f1": 0.5384615384615384, "valid/best_macro_f1": 0.3023458086652665, "valid/best_loss": 2.252861125722362, "valid/best_micro_f1_epoch": 44, "valid/best_macro_f1_epoch": 44, "valid/best_loss_epoch": 4, "test/f1_macro:micro_f1": 0.538659793814433, "test/f1_macro:macro_f1": 0.33286953745888853, "test/f1_macro:time": 2.4941530227661133, "test/f1_micro:micro_f1": 0.538659793814433, "test/f1_micro:macro_f1": 0.33286953745888853, "test/f1_micro:time": 2.500594139099121, "test/loss:micro_f1": 0.49054982817869414, "test/loss:macro_f1": 0.14418405735441805, "test/loss:time": 2.5019428730010986, "_wandb": {"runtime": 1508}}