{"tag_name": "gt-semtab22-dbpedia0/bert-base-uncased-fromscratch-semi-poolv4-unlabeled2-bs16-ml128-ne50-do0.1", "_timestamp": 1721886529.9593434, "_runtime": 1445.710348367691, "_step": 54, "train/loss": 0.01978037396652831, "train/macro_f1": 0.9941571864642578, "train/micro_f1": 0.9948369565217391, "valid/loss": 3.2488466556023115, "valid/macro_f1": 0.29157819051908246, "valid/micro_f1": 0.5173501577287066, "train/time": 27.39013695716858, "train/avg_time": 27.23453740119934, "valid/best_micro_f1": 0.5383806519453207, "valid/best_macro_f1": 0.3125691420069218, "valid/best_loss": 2.2342075447650793, "valid/best_micro_f1_epoch": 17, "valid/best_macro_f1_epoch": 17, "valid/best_loss_epoch": 5, "test/f1_macro:micro_f1": 0.5279449699054171, "test/f1_macro:macro_f1": 0.27627172877152484, "test/f1_macro:time": 2.4499528408050537, "test/f1_micro:micro_f1": 0.5279449699054171, "test/f1_micro:macro_f1": 0.27627172877152484, "test/f1_micro:time": 2.4541876316070557, "test/loss:micro_f1": 0.5012897678417885, "test/loss:macro_f1": 0.15876008125152094, "test/loss:time": 2.4486465454101562, "_wandb": {"runtime": 1445}}