{"tag_name": "gt-semtab22-dbpedia2/bert-base-uncased-fromscratch-comma-bs16-ml128-ne50-do0.1", "_timestamp": 1721414231.6058247, "_runtime": 1501.5962567329407, "_step": 54, "train/loss": 0.02148972360325738, "train/macro_f1": 0.9922549901235167, "train/micro_f1": 0.9929367019831568, "valid/loss": 3.2088067558034665, "valid/macro_f1": 0.2963485465032446, "valid/micro_f1": 0.523709167544784, "train/time": 28.927126169204712, "train/avg_time": 28.929223818778993, "valid/best_micro_f1": 0.5310853530031612, "valid/best_macro_f1": 0.30858536095120875, "valid/best_loss": 2.242011797220318, "valid/best_micro_f1_epoch": 17, "valid/best_macro_f1_epoch": 17, "valid/best_loss_epoch": 4, "test/f1_macro:micro_f1": 0.520618556701031, "test/f1_macro:macro_f1": 0.31234224146633804, "test/f1_macro:time": 2.4908742904663086, "test/f1_micro:micro_f1": 0.520618556701031, "test/f1_micro:macro_f1": 0.31234224146633804, "test/f1_micro:time": 2.4943978786468506, "test/loss:micro_f1": 0.5034364261168385, "test/loss:macro_f1": 0.1750712614669637, "test/loss:time": 2.498737335205078, "_wandb": {"runtime": 1501}}