{"tag_name": "gt-semtab22-dbpedia1/bert-base-uncased-fromscratch-semi-poolv3-unlabeled2-bs16-ml128-ne50-do0.1", "_timestamp": 1721881108.2754195, "_runtime": 1461.6156885623932, "_step": 54, "train/loss": 0.02571934479762173, "train/macro_f1": 0.9943088783369657, "train/micro_f1": 0.9945637401467791, "valid/loss": 3.1476467664570515, "valid/macro_f1": 0.2775813261215596, "valid/micro_f1": 0.51619644723093, "train/time": 27.048182725906372, "train/avg_time": 27.27064244270325, "valid/best_micro_f1": 0.522466039707419, "valid/best_macro_f1": 0.2894756318111602, "valid/best_loss": 2.2958880543897724, "valid/best_micro_f1_epoch": 10, "valid/best_macro_f1_epoch": 27, "valid/best_loss_epoch": 6, "test/f1_macro:micro_f1": 0.5414507772020726, "test/f1_macro:macro_f1": 0.3307565003108835, "test/f1_macro:time": 2.2878787517547607, "test/f1_micro:micro_f1": 0.533678756476684, "test/f1_micro:macro_f1": 0.25796391437908106, "test/f1_micro:time": 2.2895348072052, "test/loss:micro_f1": 0.5362694300518135, "test/loss:macro_f1": 0.19808945218295426, "test/loss:time": 2.287226915359497, "_wandb": {"runtime": 1461}}