{"tag_name": "gt-semtab22-dbpedia0/wikitables-simclr-bert_None_10_32_256_5e-05_sample_row4,sample_row4_tfidf_entity_column_0.05_0_last.pt_bert-base-uncased-comma-bs16-ml128-ne50-do0.1", "_timestamp": 1721485469.7566805, "_runtime": 1538.7308025360107, "_step": 54, "train/loss": 0.013612986603633515, "train/macro_f1": 0.997122905151627, "train/micro_f1": 0.9970108695652173, "valid/loss": 3.294983164066369, "valid/macro_f1": 0.26557616367662296, "valid/micro_f1": 0.5047318611987381, "train/time": 29.86074662208557, "train/avg_time": 29.593398094177246, "valid/best_micro_f1": 0.5110410094637224, "valid/best_macro_f1": 0.2776184838339651, "valid/best_loss": 2.400846844051984, "valid/best_micro_f1_epoch": 23, "valid/best_macro_f1_epoch": 20, "valid/best_loss_epoch": 6, "test/f1_macro:micro_f1": 0.4823731728288908, "test/f1_macro:macro_f1": 0.24212688526990234, "test/f1_macro:time": 2.6333229541778564, "test/f1_micro:micro_f1": 0.4832330180567498, "test/f1_micro:macro_f1": 0.23861294223884746, "test/f1_micro:time": 2.6316285133361816, "test/loss:micro_f1": 0.4858125537403267, "test/loss:macro_f1": 0.17979893485653084, "test/loss:time": 2.6321005821228027, "_wandb": {"runtime": 1538}}