{"tag_name": "sato0/wikitables-simclr-bert_100000_10_32_256_5e-05_sample_row4,sample_row4_tfidf_entity_column_0.05_0_last.pt_bert-base-uncased-bs16-ml32-ne1-do0.5", "_timestamp": 1720881793.4240925, "_runtime": 204.58034443855286, "_step": 2, "train/loss": 0.7277580361119135, "train/macro_f1": 0.49308079636881613, "train/micro_f1": 0.8388974086744524, "valid/loss": 0.4007083132638345, "valid/macro_f1": 0.6193269143233213, "valid/micro_f1": 0.9106873798514055, "train/time": 201.45668172836304, "valid/best_micro_f1": 0.9106873798514055, "valid/best_macro_f1": 0.6193269143233213, "valid/best_loss": 0.4007083132638345, "valid/best_micro_f1_epoch": 0, "valid/best_macro_f1_epoch": 0, "valid/best_loss_epoch": 0, "_wandb": {"runtime": 203}}