{"tag_name": "gt-semtab22-dbpedia1/bert-base-uncased-fromscratch-comma-bs16-ml128-ne50-do0.1", "_timestamp": 1721411159.8228908, "_runtime": 1517.7640707492828, "_step": 54, "train/loss": 0.02674425533078286, "train/macro_f1": 0.9914503279964423, "train/micro_f1": 0.9921174232128296, "valid/loss": 3.272777010257195, "valid/macro_f1": 0.27974986435214555, "valid/micro_f1": 0.5235109717868338, "train/time": 29.261760234832764, "train/avg_time": 29.23124240398407, "valid/best_micro_f1": 0.5339602925809822, "valid/best_macro_f1": 0.3048188274970574, "valid/best_loss": 2.2786977816308167, "valid/best_micro_f1_epoch": 27, "valid/best_macro_f1_epoch": 14, "valid/best_loss_epoch": 7, "test/f1_macro:micro_f1": 0.5535405872193437, "test/f1_macro:macro_f1": 0.3252357505804069, "test/f1_macro:time": 2.369572162628174, "test/f1_micro:micro_f1": 0.5535405872193437, "test/f1_micro:macro_f1": 0.32270507498909573, "test/f1_micro:time": 2.36482834815979, "test/loss:micro_f1": 0.5293609671848014, "test/loss:macro_f1": 0.22641616774729165, "test/loss:time": 2.3686046600341797, "_wandb": {"runtime": 1517}}