{"tag_name": "gt-semtab22-dbpedia-all1/bert-base-uncased-fromscratch-blank-bs16-ml128-ne50-do0.1", "_timestamp": 1721398737.6912315, "_runtime": 2782.2585475444794, "_step": 54, "train/loss": 0.1613579181802778, "train/macro_f1": 0.9371364935185504, "train/micro_f1": 0.9641693811074918, "valid/loss": 2.9543939342935577, "valid/macro_f1": 0.20376355466706947, "valid/micro_f1": 0.4380252100840336, "train/time": 54.02729773521423, "train/avg_time": 53.93057950496674, "valid/best_micro_f1": 0.4380252100840336, "valid/best_macro_f1": 0.20704372267159352, "valid/best_loss": 2.9415983272872808, "valid/best_micro_f1_epoch": 49, "valid/best_macro_f1_epoch": 45, "valid/best_loss_epoch": 44, "test/f1_macro:micro_f1": 0.4481865284974093, "test/f1_macro:macro_f1": 0.24347171525719621, "test/f1_macro:time": 5.137968301773071, "test/f1_micro:micro_f1": 0.4525043177892919, "test/f1_micro:macro_f1": 0.24263514471217887, "test/f1_micro:time": 5.141627311706543, "test/loss:micro_f1": 0.43523316062176165, "test/loss:macro_f1": 0.22450470786100657, "test/loss:time": 5.145103454589844, "_wandb": {"runtime": 2782}}