{"tag_name": "gt-semtab22-dbpedia-all0/bert-base-uncased-fromscratch-semi-poolv0-unlabeled4-randTrue-bs16-ml128-ne50-do0.1", "_timestamp": 1721893014.583095, "_runtime": 2582.43141913414, "_step": 54, "train/loss": 0.006732444881892577, "train/macro_f1": 0.9988579623086401, "train/micro_f1": 0.9994565217391305, "valid/loss": 3.8439564531087496, "valid/macro_f1": 0.26366051562364556, "valid/micro_f1": 0.4784437434279706, "train/time": 49.05159378051758, "train/avg_time": 48.878818516731265, "valid/best_micro_f1": 0.48264984227129337, "valid/best_macro_f1": 0.2707409470122633, "valid/best_loss": 2.544483184814453, "valid/best_micro_f1_epoch": 30, "valid/best_macro_f1_epoch": 44, "valid/best_loss_epoch": 7, "test/f1_macro:micro_f1": 0.43594153052450557, "test/f1_macro:macro_f1": 0.19771551499971415, "test/f1_macro:time": 2.4729480743408203, "test/f1_micro:micro_f1": 0.43250214961306965, "test/f1_micro:macro_f1": 0.18978477087224033, "test/f1_micro:time": 2.476590394973755, "test/loss:micro_f1": 0.4282029234737747, "test/loss:macro_f1": 0.14510760273997747, "test/loss:time": 2.4814047813415527, "_wandb": {"runtime": 2582}}