{"tag_name": "gt-semtab22-dbpedia-all0/bert-base-uncased-fromscratch-bs16-ml128-ne30-do0.1", "_timestamp": 1721320084.7071006, "_runtime": 230.4221706390381, "_step": 4, "train/loss": 2.528926345784443, "train/macro_f1": 0.06021188761893982, "train/micro_f1": 0.40244565217391304, "valid/loss": 2.5326455279094415, "valid/macro_f1": 0.06045961299244668, "valid/micro_f1": 0.39852786540483703, "train/time": 52.95678210258484}