{"tag_name": "gt-semtab22-dbpedia-all1/bert-base-uncased-fromscratch-semi-poolv0-unlabeled2-randTrue-bs16-ml128-ne50-do0.1", "_timestamp": 1721893576.2152028, "_runtime": 1572.5808157920837, "_step": 54, "train/loss": 0.007341765998832458, "train/macro_f1": 0.9988956801612389, "train/micro_f1": 0.998914223669924, "valid/loss": 3.316280231989696, "valid/macro_f1": 0.29251077800885933, "valid/micro_f1": 0.5266457680250783, "train/time": 29.02961230278015, "train/avg_time": 29.218947973251343, "valid/best_micro_f1": 0.5266457680250783, "valid/best_macro_f1": 0.29755483825354107, "valid/best_loss": 2.37220610604989, "valid/best_micro_f1_epoch": 34, "valid/best_macro_f1_epoch": 39, "valid/best_loss_epoch": 7, "test/f1_macro:micro_f1": 0.540587219343696, "test/f1_macro:macro_f1": 0.29192243796141376, "test/f1_macro:time": 2.290740489959717, "test/f1_micro:micro_f1": 0.538860103626943, "test/f1_micro:macro_f1": 0.29603358163352095, "test/f1_micro:time": 2.2943944931030273, "test/loss:micro_f1": 0.5224525043177893, "test/loss:macro_f1": 0.22579688902175735, "test/loss:time": 2.2939674854278564, "_wandb": {"runtime": 1572}}