{"tag_name": "gt-semtab22-dbpedia0/bert-base-uncased-fromscratch-comma-bs16-ml128-ne50-do0.1", "_timestamp": 1721412699.3355036, "_runtime": 1509.9443576335907, "_step": 54, "train/loss": 0.0207110066188588, "train/macro_f1": 0.9946002481416055, "train/micro_f1": 0.9948369565217391, "valid/loss": 3.178402751070195, "valid/macro_f1": 0.3211697758786776, "valid/micro_f1": 0.5352260778128286, "train/time": 29.01749038696289, "train/avg_time": 28.849174184799196, "valid/best_micro_f1": 0.5425867507886435, "valid/best_macro_f1": 0.32982785232767114, "valid/best_loss": 2.1798651071055755, "valid/best_micro_f1_epoch": 37, "valid/best_macro_f1_epoch": 36, "valid/best_loss_epoch": 6, "test/f1_macro:micro_f1": 0.524505588993981, "test/f1_macro:macro_f1": 0.2693891461298208, "test/f1_macro:time": 2.5129289627075195, "test/f1_micro:micro_f1": 0.5279449699054171, "test/f1_micro:macro_f1": 0.2807258886970498, "test/f1_micro:time": 2.514564275741577, "test/loss:micro_f1": 0.5150472914875323, "test/loss:macro_f1": 0.17642073904607433, "test/loss:time": 2.518693208694458, "_wandb": {"runtime": 1509}}