{"tag_name": "gt-semtab22-dbpedia0/bert-base-uncased-fromscratch-semi-poolv1-unlabeled2-bs16-ml128-ne50-do0.1", "_timestamp": 1721838760.150777, "_runtime": 70.33352398872375, "_step": 2, "train/loss": 2.9669856510465107, "train/macro_f1": 0.04426948362223778, "train/micro_f1": 0.35489130434782606, "valid/loss": 2.8671178439906586, "valid/macro_f1": 0.06080128121337589, "valid/micro_f1": 0.35751840168243953, "train/time": 29.56139349937439, "_wandb": {"runtime": 72}}