{"tag_name": "gt-semtab22-dbpedia0/bert-base-uncased-fromscratch-semi-bs16-ml128-ne50-do0.1", "_timestamp": 1721816034.0251596, "_runtime": 1503.5509915351868, "_step": 54, "train/loss": 0.019303796762630106, "train/macro_f1": 0.9941109207178437, "train/micro_f1": 0.99375, "valid/loss": 3.167711040297325, "valid/macro_f1": 0.30122761290566724, "valid/micro_f1": 0.5278654048370137, "train/time": 28.85885977745056, "train/avg_time": 28.883997874259947, "valid/best_micro_f1": 0.5394321766561514, "valid/best_macro_f1": 0.31504966324171624, "valid/best_loss": 2.2042664907246876, "valid/best_micro_f1_epoch": 36, "valid/best_macro_f1_epoch": 29, "valid/best_loss_epoch": 6, "test/f1_macro:micro_f1": 0.529664660361135, "test/f1_macro:macro_f1": 0.28276142981374536, "test/f1_macro:time": 2.531721353530884, "test/f1_micro:micro_f1": 0.5339638865004299, "test/f1_micro:macro_f1": 0.27683663696843264, "test/f1_micro:time": 2.5336084365844727, "test/loss:micro_f1": 0.5184866723989682, "test/loss:macro_f1": 0.2004846223756325, "test/loss:time": 2.535848379135132, "_wandb": {"runtime": 1503}}