{"tag_name": "gt-semtab22-dbpedia1/bert-base-uncased-fromscratch-blank-bs16-ml128-ne50-do0.1", "_timestamp": 1721411452.5037322, "_runtime": 1471.0771253108978, "_step": 54, "train/loss": 0.022967788292586944, "train/macro_f1": 0.99257772537897, "train/micro_f1": 0.9932046751834738, "valid/loss": 3.214548875715011, "valid/macro_f1": 0.2858503146267667, "valid/micro_f1": 0.522466039707419, "train/time": 27.53035831451416, "train/avg_time": 27.908088998794554, "valid/best_micro_f1": 0.5370950888192267, "valid/best_macro_f1": 0.29174226157328637, "valid/best_loss": 2.4519966838854805, "valid/best_micro_f1_epoch": 39, "valid/best_macro_f1_epoch": 39, "valid/best_loss_epoch": 11, "test/f1_macro:micro_f1": 0.5397236614853195, "test/f1_macro:macro_f1": 0.3242127063224394, "test/f1_macro:time": 2.262169599533081, "test/f1_micro:micro_f1": 0.5397236614853195, "test/f1_micro:macro_f1": 0.3242127063224394, "test/f1_micro:time": 2.2500219345092773, "test/loss:micro_f1": 0.4844559585492228, "test/loss:macro_f1": 0.23145676612791286, "test/loss:time": 2.2506558895111084, "_wandb": {"runtime": 1470}}