{"tag_name": "gt-semtab22-dbpedia-all1/bert-base-uncased-fromscratch-bs16-ml128-ne30-do0.1", "_timestamp": 1721320074.8856227, "_runtime": 170.1728036403656, "_step": 3, "train/loss": 3.0875827160078226, "train/macro_f1": 0.026685750747528138, "train/micro_f1": 0.2988599348534202, "valid/loss": 3.0249251271022186, "valid/macro_f1": 0.03591907746889846, "valid/micro_f1": 0.32037815126050423, "train/time": 52.32539391517639}