{"tag_name": "sato0/bert-base-uncased-fromscratch-bs16-ml32-ne30-do0.5", "_timestamp": 1720808881.617068, "_runtime": 11338.925066947937, "_step": 31, "train/loss": 0.006901508447188993, "train/macro_f1": 0.9948899820250693, "train/micro_f1": 0.997876607290315, "valid/loss": 0.5567265777340302, "valid/macro_f1": 0.8126637072402166, "valid/micro_f1": 0.9372889281446459, "train/time": 318.36136269569397, "train/avg_time": 377.19730566342673, "test/loss:micro_f1": 0.9420235096557514, "test/loss:macro_f1": 0.8518735511553002, "test/time": 15.104434728622437, "_wandb": {"runtime": 11337}}