{"tag_name": "sato0/bert-base-uncased-fromscratch-bs16-ml32-ne30-do0.1", "_timestamp": 1720859976.1062067, "_runtime": 6240.52540063858, "_step": 31, "train/loss": 0.006294275245746809, "train/macro_f1": 0.9954489015615028, "train/micro_f1": 0.9980076809143696, "valid/loss": 0.5418273940501563, "valid/macro_f1": 0.8269501244311104, "valid/micro_f1": 0.9348989452901751, "train/time": 229.61637258529663, "train/avg_time": 207.2258165280024, "test/loss:micro_f1": 0.943744752308984, "test/loss:macro_f1": 0.8504392770526277, "test/time": 15.834262132644653, "_wandb": {"runtime": 6240}}