{"tag_name": "sato0/bert-base-uncased-fromscratch-bs16-ml64-ne30-do0.1", "_timestamp": 1721120616.2836297, "_runtime": 8434.261754751205, "_step": 34, "train/loss": 0.005697031900743761, "train/macro_f1": 0.995060107718474, "train/micro_f1": 0.9980994324512078, "valid/loss": 0.500799098897195, "valid/macro_f1": 0.8166218446636689, "valid/micro_f1": 0.9391593495090144, "train/time": 286.0520749092102, "train/avg_time": 277.4475970586141, "valid/best_micro_f1": 0.9391593495090144, "valid/best_macro_f1": 0.8259216715144065, "valid/best_loss": 0.35172932623649045, "valid/best_micro_f1_epoch": 28, "valid/best_macro_f1_epoch": 23, "valid/best_loss_epoch": 3, "test/f1_macro:micro_f1": 0.9418975650713686, "test/f1_macro:macro_f1": 0.8459592099570156, "test/f1_macro:time": 21.657548666000366, "test/f1_micro:micro_f1": 0.9437867338371116, "test/f1_micro:macro_f1": 0.8448843099002766, "test/f1_micro:time": 21.63321089744568, "test/loss:micro_f1": 0.9265743073047858, "test/loss:macro_f1": 0.7844429832021478, "test/loss:time": 21.65920329093933, "_wandb": {"runtime": 8433}}